{
    "uvs":[[0,0,1,0,1,1,0,1,0.5,1,0.597545,0.990393,0.691342,0.96194,0.777785,0.915735,0.853553,0.853553,0.915735,0.777785,0.96194,0.691342,0.990393,0.597545,1,0.5,0.990393,0.402455,0.96194,0.308658,0.915735,0.222215,0.853553,0.146447,0.777785,0.084265,0.691342,0.03806,0.597545,0.009607,0.5,0,0.402455,0.009607,0.308658,0.03806,0.222215,0.084265,0.146446,0.146447,0.084265,0.222215,0.03806,0.308659,0.009607,0.402455,0,0.5,0.009607,0.597546,0.03806,0.691342,0.084266,0.777786,0.146447,0.853554,0.222215,0.915735,0.308659,0.96194,0.402456,0.990393]],
    "faces":[41,1,33,34,2,0,1,2,3,0,1,2,3,41,2,34,35,3,0,1,2,3,3,2,4,5,41,3,35,36,4,0,1,2,3,5,4,6,7,41,4,36,37,5,0,1,2,3,7,6,8,9,41,5,37,38,6,0,1,2,3,9,8,10,11,41,6,38,39,7,0,1,2,3,11,10,12,13,41,7,39,40,8,0,1,2,3,13,12,14,15,41,8,40,41,9,0,1,2,3,15,14,16,17,41,9,41,42,10,0,1,2,3,17,16,18,19,41,10,42,43,11,0,1,2,3,19,18,20,21,41,11,43,44,12,0,1,2,3,21,20,22,23,41,12,44,45,13,0,1,2,3,23,22,24,25,41,13,45,46,14,0,1,2,3,25,24,26,27,41,14,46,47,15,0,1,2,3,27,26,28,29,41,15,47,48,16,0,1,2,3,29,28,30,31,41,16,48,49,17,0,1,2,3,31,30,32,33,41,17,49,50,18,0,1,2,3,33,32,34,35,41,18,50,51,19,0,1,2,3,35,34,36,37,41,19,51,52,20,0,1,2,3,37,36,38,39,41,20,52,53,21,0,1,2,3,39,38,40,41,41,21,53,54,22,0,1,2,3,41,40,42,43,41,22,54,55,23,0,1,2,3,43,42,44,45,41,23,55,56,24,0,1,2,3,45,44,46,47,41,24,56,57,25,0,1,2,3,47,46,48,49,41,25,57,58,26,0,1,2,3,49,48,50,51,41,26,58,59,27,0,1,2,3,51,50,52,53,41,27,59,60,28,0,1,2,3,53,52,54,55,41,28,60,61,29,0,1,2,3,55,54,56,57,41,29,61,62,30,0,1,2,3,57,56,58,59,41,30,62,63,31,0,1,2,3,59,58,60,61,41,32,0,31,63,2,3,0,1,62,63,61,60,40,31,0,1,35,4,5,61,63,0,40,1,2,3,5,6,7,0,3,5,40,3,4,5,7,8,9,5,7,9,40,5,6,7,9,10,11,9,11,13,40,7,8,9,11,12,13,13,15,17,40,9,10,11,13,14,15,17,19,21,40,11,12,13,15,16,17,21,23,25,40,13,14,15,17,18,19,25,27,29,40,15,16,17,19,20,21,29,31,33,40,17,18,19,21,22,23,33,35,37,40,19,20,21,23,24,25,37,39,41,40,21,22,23,25,26,27,41,43,45,40,23,24,25,27,28,29,45,47,49,40,25,26,27,29,30,31,49,51,53,40,27,28,29,31,32,33,53,55,57,40,29,30,31,33,34,35,57,59,61,40,31,1,3,35,5,7,61,0,5,40,3,5,7,7,9,11,5,9,13,40,7,9,11,11,13,15,13,17,21,40,11,13,15,15,17,19,21,25,29,40,15,17,19,19,21,23,29,33,37,40,19,21,23,23,25,27,37,41,45,40,23,25,27,27,29,31,45,49,53,40,27,29,31,31,33,35,53,57,61,40,31,3,7,35,7,11,61,5,13,40,7,11,15,11,15,19,13,21,29,40,15,19,23,19,23,27,29,37,45,40,23,27,31,27,31,35,45,53,61,40,31,7,15,35,11,19,61,13,29,40,15,23,31,19,27,35,29,45,61,41,0,32,33,1,0,1,2,3,63,62,1,0,40,34,33,32,35,4,5,2,1,62,40,32,63,62,5,6,7,62,60,58,40,62,61,60,7,8,9,58,56,54,40,60,59,58,9,10,11,54,52,50,40,58,57,56,11,12,13,50,48,46,40,56,55,54,13,14,15,46,44,42,40,54,53,52,15,16,17,42,40,38,40,52,51,50,17,18,19,38,36,34,40,50,49,48,19,20,21,34,32,30,40,48,47,46,21,22,23,30,28,26,40,46,45,44,23,24,25,26,24,22,40,44,43,42,25,26,27,22,20,18,40,42,41,40,27,28,29,18,16,14,40,40,39,38,29,30,31,14,12,10,40,38,37,36,31,32,33,10,8,6,40,36,35,34,33,34,35,6,4,2,40,34,32,62,35,5,7,2,62,58,40,62,60,58,7,9,11,58,54,50,40,58,56,54,11,13,15,50,46,42,40,54,52,50,15,17,19,42,38,34,40,50,48,46,19,21,23,34,30,26,40,46,44,42,23,25,27,26,22,18,40,42,40,38,27,29,31,18,14,10,40,38,36,34,31,33,35,10,6,2,40,34,62,58,35,7,11,2,58,50,40,58,54,50,11,15,19,50,42,34,40,50,46,42,19,23,27,34,26,18,40,42,38,34,27,31,35,18,10,2,40,34,58,50,35,11,19,2,50,34,40,50,42,34,19,27,35,34,18,2,41,66,98,97,65,0,1,2,3,64,65,66,67,41,67,99,98,66,0,1,2,3,68,69,65,64,41,68,100,99,67,0,1,2,3,70,71,69,68,41,69,101,100,68,0,1,2,3,72,73,71,70,41,70,102,101,69,0,1,2,3,74,75,73,72,41,71,103,102,70,0,1,2,3,76,77,75,74,41,72,104,103,71,0,1,2,3,78,79,77,76,41,73,105,104,72,0,1,2,3,80,81,79,78,41,74,106,105,73,0,1,2,3,82,83,81,80,41,75,107,106,74,0,1,2,3,84,85,83,82,41,76,108,107,75,0,1,2,3,86,87,85,84,41,77,109,108,76,0,1,2,3,88,89,87,86,41,78,110,109,77,0,1,2,3,90,91,89,88,41,79,111,110,78,0,1,2,3,92,93,91,90,41,80,112,111,79,0,1,2,3,94,95,93,92,41,81,113,112,80,0,1,2,3,96,97,95,94,41,82,114,113,81,0,1,2,3,98,99,97,96,41,83,115,114,82,0,1,2,3,100,101,99,98,41,84,116,115,83,0,1,2,3,102,103,101,100,41,85,117,116,84,0,1,2,3,104,105,103,102,41,86,118,117,85,0,1,2,3,106,107,105,104,41,87,119,118,86,0,1,2,3,108,109,107,106,41,88,120,119,87,0,1,2,3,110,111,109,108,41,89,121,120,88,0,1,2,3,112,113,111,110,41,90,122,121,89,0,1,2,3,114,115,113,112,41,91,123,122,90,0,1,2,3,116,117,115,114,41,92,124,123,91,0,1,2,3,118,119,117,116,41,93,125,124,92,0,1,2,3,120,121,119,118,41,94,126,125,93,0,1,2,3,122,123,121,120,41,95,127,126,94,0,1,2,3,124,125,123,122,40,66,65,64,35,4,5,64,67,126,40,64,95,94,5,6,7,126,124,122,40,94,93,92,7,8,9,122,120,118,40,92,91,90,9,10,11,118,116,114,40,90,89,88,11,12,13,114,112,110,40,88,87,86,13,14,15,110,108,106,40,86,85,84,15,16,17,106,104,102,40,84,83,82,17,18,19,102,100,98,40,82,81,80,19,20,21,98,96,94,40,80,79,78,21,22,23,94,92,90,40,78,77,76,23,24,25,90,88,86,40,76,75,74,25,26,27,86,84,82,40,74,73,72,27,28,29,82,80,78,40,72,71,70,29,30,31,78,76,74,40,70,69,68,31,32,33,74,72,70,40,68,67,66,33,34,35,70,68,64,40,66,64,94,35,5,7,64,126,122,40,94,92,90,7,9,11,122,118,114,40,90,88,86,11,13,15,114,110,106,40,86,84,82,15,17,19,106,102,98,40,82,80,78,19,21,23,98,94,90,40,78,76,74,23,25,27,90,86,82,40,74,72,70,27,29,31,82,78,74,40,70,68,66,31,33,35,74,70,64,40,66,94,90,35,7,11,64,122,114,40,90,86,82,11,15,19,114,106,98,40,82,78,74,19,23,27,98,90,82,40,74,70,66,27,31,35,82,74,64,40,66,90,82,35,11,19,64,114,98,40,82,74,66,19,27,35,98,82,64,41,64,96,127,95,0,1,2,3,126,127,125,124,40,127,96,97,35,4,5,125,127,66,40,97,98,99,5,6,7,66,65,69,40,99,100,101,7,8,9,69,71,73,40,101,102,103,9,10,11,73,75,77,40,103,104,105,11,12,13,77,79,81,40,105,106,107,13,14,15,81,83,85,40,107,108,109,15,16,17,85,87,89,40,109,110,111,17,18,19,89,91,93,40,111,112,113,19,20,21,93,95,97,40,113,114,115,21,22,23,97,99,101,40,115,116,117,23,24,25,101,103,105,40,117,118,119,25,26,27,105,107,109,40,119,120,121,27,28,29,109,111,113,40,121,122,123,29,30,31,113,115,117,40,123,124,125,31,32,33,117,119,121,40,125,126,127,33,34,35,121,123,125,40,127,97,99,35,5,7,125,66,69,40,99,101,103,7,9,11,69,73,77,40,103,105,107,11,13,15,77,81,85,40,107,109,111,15,17,19,85,89,93,40,111,113,115,19,21,23,93,97,101,40,115,117,119,23,25,27,101,105,109,40,119,121,123,27,29,31,109,113,117,40,123,125,127,31,33,35,117,121,125,40,127,99,103,35,7,11,125,69,77,40,103,107,111,11,15,19,77,85,93,40,111,115,119,19,23,27,93,101,109,40,119,123,127,27,31,35,109,117,125,40,127,103,111,35,11,19,125,77,93,40,111,119,127,19,27,35,93,109,125,41,65,97,96,64,0,1,2,3,67,66,127,126],