{
    "metadata":{
        "version":3,
        "generator":"io_three",
        "vertices":128,
        "faces":184,
        "uvs":0,
        "normals":128,
        "type":"Geometry"
    },
    "vertices":[-0.059048,0.316496,-0.065037,-0.059735,0.308044,-0.064201,-0.060396,0.299916,-0.061728,-0.061004,0.292426,-0.057711,-0.061538,0.285861,-0.052305,-0.061976,0.280473,-0.045718,-0.062301,0.276469,-0.038203,-0.062501,0.274003,-0.030049,-0.062569,0.273171,-0.021568,-0.062501,0.274003,-0.013088,-0.062301,0.276469,-0.004934,-0.061976,0.280473,0.002581,-0.061538,0.285861,0.009168,-0.061004,0.292426,0.014574,-0.060396,0.299916,0.018591,-0.059735,0.308044,0.021065,-0.059048,0.316496,0.0219,-0.058361,0.324949,0.021065,-0.057701,0.333076,0.018591,-0.057092,0.340567,0.014574,-0.056559,0.347132,0.009168,-0.056121,0.35252,0.002581,-0.055796,0.356524,-0.004934,-0.055595,0.358989,-0.013088,-0.055528,0.359822,-0.021568,-0.055595,0.358989,-0.030049,-0.055796,0.356524,-0.038203,-0.056121,0.35252,-0.045718,-0.056559,0.347132,-0.052305,-0.057092,0.340567,-0.057711,-0.057701,0.333076,-0.061728,-0.058361,0.324949,-0.064201,1.44208,0.194512,-0.065037,1.4414,0.18606,-0.064201,1.44074,0.177933,-0.061728,1.44013,0.170442,-0.057711,1.43959,0.163877,-0.052305,1.43915,0.158489,-0.045718,1.43883,0.154485,-0.038203,1.43863,0.15202,-0.030049,1.43856,0.151187,-0.021568,1.43863,0.15202,-0.013088,1.43883,0.154485,-0.004934,1.43915,0.158489,0.002581,1.43959,0.163877,0.009168,1.44013,0.170442,0.014574,1.44074,0.177933,0.018591,1.4414,0.18606,0.021065,1.44208,0.194512,0.0219,1.44277,0.202965,0.021065,1.44343,0.211092,0.018591,1.44404,0.218583,0.014574,1.44457,0.225148,0.009168,1.44501,0.230536,0.002581,1.44534,0.23454,-0.004934,1.44554,0.237005,-0.013088,1.4456,0.237838,-0.021568,1.44554,0.237005,-0.030049,1.44534,0.23454,-0.038203,1.44501,0.230536,-0.045718,1.44457,0.225148,-0.052305,1.44404,0.218583,-0.057711,1.44343,0.211092,-0.061728,1.44277,0.202965,-0.064201,-0.234079,0.627211,0.435492,-0.175952,0.618645,0.435492,-0.120614,0.598903,0.435492,-0.07019,0.568745,0.435492,-0.026619,0.529329,0.435492,0.008426,0.48217,0.435492,0.033597,0.429081,0.435492,0.047927,0.3721,0.435492,0.050865,0.31342,0.435492,0.042299,0.255293,0.435492,0.022557,0.199955,0.435492,-0.007601,0.149531,0.435492,-0.047017,0.105959,0.435492,-0.094176,0.070915,0.435492,-0.147266,0.045744,0.435492,-0.204246,0.031414,0.435492,-0.262927,0.028476,0.435492,-0.321053,0.037042,0.435492,-0.376392,0.056783,0.435492,-0.426816,0.086942,0.435492,-0.470387,0.126358,0.435492,-0.505431,0.173517,0.435492,-0.530602,0.226606,0.435492,-0.544932,0.283586,0.435492,-0.54787,0.342267,0.435492,-0.539304,0.400394,0.435492,-0.519562,0.455732,0.435492,-0.489404,0.506156,0.435492,-0.449988,0.549728,0.435492,-0.402829,0.584772,0.435492,-0.34974,0.609943,0.435492,-0.292759,0.624273,0.435492,-0.234079,0.627211,-0.47249,-0.175952,0.618645,-0.47249,-0.120614,0.598903,-0.47249,-0.07019,0.568745,-0.47249,-0.026619,0.529329,-0.47249,0.008426,0.48217,-0.47249,0.033597,0.429081,-0.47249,0.047927,0.3721,-0.47249,0.050865,0.31342,-0.47249,0.042299,0.255293,-0.47249,0.022557,0.199955,-0.47249,-0.007601,0.149531,-0.47249,-0.047017,0.105959,-0.47249,-0.094176,0.070915,-0.47249,-0.147266,0.045744,-0.47249,-0.204246,0.031414,-0.47249,-0.262927,0.028476,-0.47249,-0.321053,0.037042,-0.47249,-0.376392,0.056783,-0.47249,-0.426816,0.086942,-0.47249,-0.470387,0.126358,-0.47249,-0.505431,0.173517,-0.47249,-0.530602,0.226606,-0.47249,-0.544932,0.283586,-0.47249,-0.54787,0.342267,-0.47249,-0.539304,0.400394,-0.47249,-0.519562,0.455732,-0.47249,-0.489404,0.506156,-0.47249,-0.449988,0.549728,-0.47249,-0.402829,0.584772,-0.47249,-0.34974,0.609943,-0.47249,-0.292759,0.624273,-0.47249],
    "faces":[33,1,33,34,2,0,1,2,3,33,2,34,35,3,3,2,4,5,33,3,35,36,4,5,4,6,7,33,4,36,37,5,7,6,8,9,33,5,37,38,6,9,8,10,11,33,6,38,39,7,11,10,12,13,33,7,39,40,8,13,12,14,15,33,8,40,41,9,15,14,16,17,33,9,41,42,10,17,16,18,19,33,10,42,43,11,19,18,20,21,33,11,43,44,12,21,20,22,23,33,12,44,45,13,23,22,24,25,33,13,45,46,14,25,24,26,27,33,14,46,47,15,27,26,28,29,33,15,47,48,16,29,28,30,31,33,16,48,49,17,31,30,32,33,33,17,49,50,18,33,32,34,35,33,18,50,51,19,35,34,36,37,33,19,51,52,20,37,36,38,39,33,20,52,53,21,39,38,40,41,33,21,53,54,22,41,40,42,43,33,22,54,55,23,43,42,44,45,33,23,55,56,24,45,44,46,47,33,24,56,57,25,47,46,48,49,33,25,57,58,26,49,48,50,51,33,26,58,59,27,51,50,52,53,33,27,59,60,28,53,52,54,55,33,28,60,61,29,55,54,56,57,33,29,61,62,30,57,56,58,59,33,30,62,63,31,59,58,60,61,33,32,0,31,63,62,63,61,60,32,31,0,1,61,63,0,32,1,2,3,0,3,5,32,3,4,5,5,7,9,32,5,6,7,9,11,13,32,7,8,9,13,15,17,32,9,10,11,17,19,21,32,11,12,13,21,23,25,32,13,14,15,25,27,29,32,15,16,17,29,31,33,32,17,18,19,33,35,37,32,19,20,21,37,39,41,32,21,22,23,41,43,45,32,23,24,25,45,47,49,32,25,26,27,49,51,53,32,27,28,29,53,55,57,32,29,30,31,57,59,61,32,31,1,3,61,0,5,32,3,5,7,5,9,13,32,7,9,11,13,17,21,32,11,13,15,21,25,29,32,15,17,19,29,33,37,32,19,21,23,37,41,45,32,23,25,27,45,49,53,32,27,29,31,53,57,61,32,31,3,7,61,5,13,32,7,11,15,13,21,29,32,15,19,23,29,37,45,32,23,27,31,45,53,61,32,31,7,15,61,13,29,32,15,23,31,29,45,61,33,0,32,33,1,63,62,1,0,32,34,33,32,2,1,62,32,32,63,62,62,60,58,32,62,61,60,58,56,54,32,60,59,58,54,52,50,32,58,57,56,50,48,46,32,56,55,54,46,44,42,32,54,53,52,42,40,38,32,52,51,50,38,36,34,32,50,49,48,34,32,30,32,48,47,46,30,28,26,32,46,45,44,26,24,22,32,44,43,42,22,20,18,32,42,41,40,18,16,14,32,40,39,38,14,12,10,32,38,37,36,10,8,6,32,36,35,34,6,4,2,32,34,32,62,2,62,58,32,62,60,58,58,54,50,32,58,56,54,50,46,42,32,54,52,50,42,38,34,32,50,48,46,34,30,26,32,46,44,42,26,22,18,32,42,40,38,18,14,10,32,38,36,34,10,6,2,32,34,62,58,2,58,50,32,58,54,50,50,42,34,32,50,46,42,34,26,18,32,42,38,34,18,10,2,32,34,58,50,2,50,34,32,50,42,34,34,18,2,33,66,98,97,65,64,65,66,67,33,67,99,98,66,68,69,65,64,33,68,100,99,67,70,71,69,68,33,69,101,100,68,72,73,71,70,33,70,102,101,69,74,75,73,72,33,71,103,102,70,76,77,75,74,33,72,104,103,71,78,79,77,76,33,73,105,104,72,80,81,79,78,33,74,106,105,73,82,83,81,80,33,75,107,106,74,84,85,83,82,33,76,108,107,75,86,87,85,84,33,77,109,108,76,88,89,87,86,33,78,110,109,77,90,91,89,88,33,79,111,110,78,92,93,91,90,33,80,112,111,79,94,95,93,92,33,81,113,112,80,96,97,95,94,33,82,114,113,81,98,99,97,96,33,83,115,114,82,100,101,99,98,33,84,116,115,83,102,103,101,100,33,85,117,116,84,104,105,103,102,33,86,118,117,85,106,107,105,104,33,87,119,118,86,108,109,107,106,33,88,120,119,87,110,111,109,108,33,89,121,120,88,112,113,111,110,33,90,122,121,89,114,115,113,112,33,91,123,122,90,116,117,115,114,33,92,124,123,91,118,119,117,116,33,93,125,124,92,120,121,119,118,33,94,126,125,93,122,123,121,120,33,95,127,126,94,124,125,123,122,32,66,65,64,64,67,126,32,64,95,94,126,124,122,32,94,93,92,122,120,118,32,92,91,90,118,116,114,32,90,89,88,114,112,110,32,88,87,86,110,108,106,32,86,85,84,106,104,102,32,84,83,82,102,100,98,32,82,81,80,98,96,94,32,80,79,78,94,92,90,32,78,77,76,90,88,86,32,76,75,74,86,84,82,32,74,73,72,82,80,78,32,72,71,70,78,76,74,32,70,69,68,74,72,70,32,68,67,66,70,68,64,32,66,64,94,64,126,122,32,94,92,90,122,118,114,32,90,88,86,114,110,106,32,86,84,82,106,102,98,32,82,80,78,98,94,90,32,78,76,74,90,86,82,32,74,72,70,82,78,74,32,70,68,66,74,70,64,32,66,94,90,64,122,114,32,90,86,82,114,106,98,32,82,78,74,98,90,82,32,74,70,66,82,74,64,32,66,90,82,64,114,98,32,82,74,66,98,82,64,33,64,96,127,95,126,127,125,124,32,127,96,97,125,127,66,32,97,98,99,66,65,69,32,99,100,101,69,71,73,32,101,102,103,73,75,77,32,103,104,105,77,79,81,32,105,106,107,81,83,85,32,107,108,109,85,87,89,32,109,110,111,89,91,93,32,111,112,113,93,95,97,32,113,114,115,97,99,101,32,115,116,117,101,103,105,32,117,118,119,105,107,109,32,119,120,121,109,111,113,32,121,122,123,113,115,117,32,123,124,125,117,119,121,32,125,126,127,121,123,125,32,127,97,99,125,66,69,32,99,101,103,69,73,77,32,103,105,107,77,81,85,32,107,109,111,85,89,93,32,111,113,115,93,97,101,32,115,117,119,101,105,109,32,119,121,123,109,113,117,32,123,125,127,117,121,125,32,127,99,103,