{
    "vertices":[-5.10752,-0.514767,1.23611,-4.83788,-0.353342,2.53691,-4.38211,-0.187203,3.73877,-4.95277,-1.44602,1.34741,-4.68933,-1.25179,2.64577,-4.2459,-1.01494,3.84042,-3.04045,3.85912,1.85195,-3.93868,2.99449,-0.700182,-3.89825,3.14376,0.648384,-3.70535,3.15994,1.97777,-3.36678,3.03357,3.23683,-4.51272,2.15348,-0.548436,-4.45958,2.30537,0.799481,-4.23328,2.35781,2.11986,-3.84189,2.30128,3.36226,-4.7934,1.03748,-1.72626,-4.9195,1.24117,-0.393107,-4.85642,1.39394,0.954803,-4.60571,1.48348,2.26695,-4.17643,1.50066,3.49341,-5.14485,0.290844,-0.245309,-5.07496,0.442768,1.10328,-4.80963,0.568994,2.40875,-4.35865,0.661184,3.62137,-3.73921,0.713587,4.6945,-5.10752,-0.514767,1.23611,-4.38211,-0.187203,3.73877,-4.95277,-1.44602,1.34741,-4.68933,-1.25179,2.64577,-4.2459,-1.01494,3.84042,-3.04045,3.85912,1.85195,-3.93868,2.99449,-0.700182,-3.89825,3.14376,0.648384,-3.36678,3.03357,3.23683,-4.51272,2.15348,-0.548436,-3.84189,2.30128,3.36226,-4.7934,1.03748,-1.72626,-4.17643,1.50066,3.49341,-5.14485,0.290844,-0.245309,-3.73921,0.713587,4.6945,-0.065558,0.043295,0.08961],
    "faces":[33,1,0,3,4,0,1,2,3,33,2,1,4,5,4,0,3,5,32,9,6,8,6,7,8,32,6,9,10,7,6,9,33,9,8,12,13,6,8,10,11,33,10,9,13,14,9,6,11,12,33,8,7,11,12,8,13,14,10,32,16,11,15,15,14,16,33,12,11,16,17,10,14,15,17,33,13,12,17,18,11,10,17,18,33,14,13,18,19,12,11,18,19,33,19,18,22,23,19,18,20,21,32,19,23,24,19,21,22,32,16,15,20,15,16,23,33,17,16,20,21,17,15,23,24,33,18,17,21,22,18,17,24,20,32,21,20,0,24,23,1,33,0,1,22,21,1,0,20,24,33,23,22,1,2,21,20,0,4,32,24,23,2,22,21,4,32,26,40,39,25,26,27,32,28,40,29,28,26,29,32,37,40,35,30,26,31,32,31,40,34,32,26,33,32,33,40,30,34,26,35,32,27,40,28,36,26,28,32,35,40,33,31,26,34,32,32,40,31,37,26,32,32,29,40,26,29,26,25,32,34,40,36,33,26,38,32,38,40,25,39,26,40,32,30,40,32,35,26,37,32,36,40,38,38,26,39,32,39,40,37,27,26,30,32,25,40,27,40,26,36,33,4,28,29,5,3,28,29,5,33,2,26,39,24,4,25,27,22,33,0,25,27,3,1,40,36,2,33,24,39,37,19,22,27,30,19,33,15,36,38,20,16,38,39,23,33,6,30,32,8,7,35,37,8,33,25,0,20,38,40,1,23,39,33,11,34,36,15,14,33,38,16,33,5,29,26,2,5,29,25,4,33,8,32,31,7,8,37,32,13,33,14,35,33,10,12,31,34,9,33,10,33,30,6,9,34,35,7,33,3,27,28,4,2,36,28,3,33,7,31,34,11,13,32,33,14,33,19,37,35,14,19,30,31,12],
    "name":"Sphere.009Geometry",
    "uvs":[],
    "metadata":{
        "generator":"io_three",
        "uvs":0,
        "vertices":41,
        "type":"Geometry",
        "version":3,
        "faces":50,
        "normals":41
    },
    "normals":[-0.959227,-0.027589,0.281228,-0.719993,-0.013855,0.693838,-0.399884,-0.055483,0.914853,-0.587603,-0.075259,0.805597,-0.627216,0.006073,0.778802,-0.365978,-0.042726,0.929624,-0.753441,0.631581,0.182745,-0.33311,0.331584,0.882656,-0.60567,0.437757,0.664418,-0.396588,0.313089,0.862911,-0.871944,0.486526,0.054109,-0.847072,0.49031,0.204962,-0.520066,0.305643,0.79754,-0.368725,0.24662,0.896207,-0.71984,0.373577,0.584979,-0.949126,0.30839,-0.063234,-0.373424,0.118748,0.920011,-0.942534,0.323893,0.081606,-0.914701,0.331584,0.230964,-0.609272,0.216834,0.762719,-0.953368,0.157598,0.257271,-0.896664,0.169256,0.409009,-0.272011,0.055177,0.960692,-0.697531,0.133976,0.703879,-0.983581,0.143925,0.108585,0.30903,-0.179479,0.933958,0.916349,-0.269082,-0.296365,0.275399,-0.015809,0.96118,0.204352,-0.629536,0.749596,0.278481,-0.196478,0.940092,0.340373,0.219764,0.914212,0.300974,-0.089511,0.9494,0.48381,0.417035,0.769402,0.568621,0.561174,0.601428,0.350078,0.033174,0.936094,0.476669,0.391095,0.787286,0.078097,-0.667196,0.740745,0.463424,0.637654,0.615284,0.27543,-0.237648,0.931455,-0.011536,-0.821436,0.570147,-0.186621,-0.80047,0.569536]
}