{
    "vertices":[-4.38211,-0.187203,3.73877,-3.75774,-0.022867,4.79543,-2.98891,0.134137,5.66597,-2.10541,0.279376,6.31651,-1.14154,0.40942,6.72147,-3.63981,-0.742501,4.88495,-0.134675,0.521661,6.86475,0.755701,3.41001,5.24755,0.381692,4.79657,2.99671,0.297,4.25449,4.185,0.202246,3.51778,5.20942,0.098027,2.61985,6.02186,-0.014811,1.60424,6.58288,-0.48117,5.07537,1.67181,-0.461978,4.76124,2.97258,-0.421012,4.23124,4.16439,-0.362212,3.50508,5.19351,-0.290919,2.61494,6.01135,-0.213122,1.60362,6.57788,-1.44967,4.91214,0.339534,-1.3985,4.83899,1.69113,-1.28845,4.55297,2.9881,-1.12479,4.05883,4.17569,-0.915977,3.37392,5.20076,-0.672949,2.52784,6.01519,-0.408184,1.56097,6.57925,-2.37458,4.33571,-0.943837,-2.366,4.47513,0.407343,-2.26216,4.42702,1.7533,-2.06665,4.18325,3.04125,-1.78778,3.74644,4.21752,-1.43806,3.1309,5.23035,-1.03352,2.36267,6.03298,-0.592536,1.47813,6.5869,-3.19207,3.87695,0.513693,-3.04045,3.85912,1.85195,-2.7679,3.66944,3.12675,-2.38537,3.30835,4.28593,-1.90894,2.78682,5.2797,-1.35902,2.12645,6.06336,-0.759158,1.35847,6.60035,-3.89825,3.14376,0.648384,-3.36678,3.03357,3.23683,-2.89571,2.76309,4.37506,-2.31121,2.35595,5.3449,-1.63729,1.82879,6.10423,-0.901727,1.20673,6.61884,-3.84189,2.30128,3.36226,-3.30039,2.13251,4.47779,-2.63014,1.85542,5.42118,-1.85796,1.4814,6.15291,-1.01486,1.02881,6.64138,-4.17643,1.50066,3.49341,-3.58493,1.4408,4.58663,-2.85418,1.30444,5.50334,-2.0129,1.09762,6.20644,-1.09431,0.831547,6.6668,-3.73921,0.713587,4.6945,-2.97522,0.72359,5.5864,-2.09641,0.691919,6.26187,-1.13707,0.622448,6.6939,0.282913,0.05799,-0.031276],
    "faces":[33,9,8,14,15,0,1,2,3,33,10,9,15,16,4,0,3,5,33,11,10,16,17,6,4,5,7,33,12,11,17,18,8,6,7,9,32,6,12,18,10,8,9,32,14,8,13,2,1,11,32,6,18,25,10,9,12,32,20,13,19,13,11,14,33,14,13,20,21,2,11,13,15,33,15,14,21,22,3,2,15,16,33,16,15,22,23,5,3,16,17,33,17,16,23,24,7,5,17,18,33,18,17,24,25,9,7,18,12,33,23,22,30,31,17,16,19,20,33,24,23,31,32,18,17,20,21,33,25,24,32,33,12,18,21,22,32,6,25,33,10,12,22,32,27,19,26,23,14,24,33,20,19,27,28,13,14,23,25,33,21,20,28,29,15,13,25,26,33,22,21,29,30,16,15,26,19,33,28,27,34,35,25,23,27,28,33,29,28,35,36,26,25,28,29,33,30,29,36,37,19,26,29,30,33,31,30,37,38,20,19,30,31,33,32,31,38,39,21,20,31,32,33,33,32,39,40,22,21,32,33,32,6,33,40,10,22,33,32,27,26,34,23,24,27,33,39,38,44,45,32,31,34,35,33,40,39,45,46,33,32,35,36,32,6,40,46,10,33,36,33,37,36,42,43,30,29,37,38,33,38,37,43,44,31,30,38,34,33,43,42,47,48,38,37,39,40,33,44,43,48,49,34,38,40,41,33,45,44,49,50,35,34,41,42,33,46,45,50,51,36,35,42,43,32,6,46,51,10,36,43,33,50,49,54,55,42,41,44,45,33,51,50,55,56,43,42,45,46,32,6,51,56,10,43,46,33,48,47,52,53,40,39,47,48,33,49,48,53,54,41,40,48,44,33,54,53,57,58,44,48,49,50,33,55,54,58,59,45,44,50,51,33,56,55,59,60,46,45,51,52,32,6,56,60,10,46,52,33,60,59,3,4,52,51,53,54,32,6,60,4,10,52,54,33,58,57,1,2,50,49,55,56,33,59,58,2,3,51,50,56,53,32,7,10,11,57,4,6,32,36,35,42,29,28,37,32,1,57,0,55,49,58,32,53,52,57,48,47,49,32,10,7,9,4,57,0,32,35,34,41,28,27,59,32,2,1,5,56,55,60,32,1,0,5,55,58,60,32,0,61,5,58,61,60,32,12,61,11,8,61,6,32,26,61,34,24,61,27,32,8,61,13,1,61,11,32,57,61,0,49,61,58,32,2,61,3,56,61,53,32,6,61,12,10,61,8,32,3,61,4,53,61,54,32,47,61,52,39,61,47,32,52,61,57,47,61,49,32,7,61,9,57,61,0,32,9,61,8,0,61,1,32,4,61,6,54,61,10,32,41,61,35,59,61,28,32,13,61,19,11,61,14,32,11,61,7,6,61,57,32,42,61,47,37,61,39,32,34,61,41,27,61,59,32,5,61,2,60,61,56,32,19,61,26,14,61,24,32,35,61,42,28,61,37],
    "name":"Sphere.005Geometry",
    "uvs":[],
    "metadata":{
        "generator":"io_three",
        "uvs":0,
        "vertices":62,
        "type":"Geometry",
        "version":3,
        "faces":81,
        "normals":62
    },
    "normals":[0.597674,0.735984,0.317942,0.707083,0.701498,0.088809,-0.13712,0.937864,0.318674,-0.122257,0.862575,0.49089,0.03119,0.747978,0.662954,-0.101993,0.747063,0.65685,0.601917,0.318949,0.732078,-0.078097,0.586261,0.80633,0.658437,0.219947,0.719748,-0.05182,0.379192,0.923856,0.506912,-0.470107,0.722495,0.396893,0.887631,-0.233589,-0.100803,0.370464,0.923338,-0.331217,0.932218,0.145695,0.218268,0.884121,-0.413068,-0.309214,0.897366,0.314737,-0.275185,0.829341,0.486221,-0.229011,0.721641,0.653249,-0.170598,0.569048,0.804376,-0.414594,0.76867,0.487045,-0.345958,0.673025,0.653676,-0.256478,0.534776,0.805109,-0.146672,0.352672,0.924161,-0.511246,0.859371,-0.008087,-0.292367,0.372143,-0.880917,-0.494827,0.85577,0.150822,-0.463546,0.827387,0.317057,-0.765313,0.483993,-0.424238,-0.913236,0.369396,0.171728,-0.598376,0.731956,0.325755,-0.536546,0.684439,0.493576,-0.449171,0.603931,0.658376,-0.332926,0.485031,0.808618,-0.187994,0.326426,0.926328,-0.536027,0.517106,0.667287,-0.397656,0.421644,0.814875,-0.223457,0.29252,0.929746,-0.891385,0.449385,-0.058901,-0.63863,0.580187,0.505448,-0.876797,0.421552,-0.2313,-0.719108,0.458815,0.521836,-0.60448,0.415174,0.67983,-0.448805,0.34666,0.823634,-0.251808,0.25193,0.934385,-0.652791,0.300882,0.695181,-0.484725,0.262337,0.834376,-0.271889,0.205817,0.940031,-0.970306,-0.119236,-0.210334,-0.776788,0.322123,0.541093,-0.923826,0.169408,0.343242,-0.679281,0.17716,0.712119,-0.504105,0.171209,0.846461,-0.282662,0.155766,0.946471,-0.318094,-0.624256,0.713462,-0.147221,-0.608966,0.779382,-0.812098,0.019837,0.583117,-0.38142,-0.540391,0.749962,0.817133,0.325541,0.475631,-0.924009,-0.136601,-0.357036,-0.953642,-0.214911,-0.210608,-0.314432,-0.825922,0.46791,0.42555,-0.606769,-0.671346]
}