{
    "vertices":[4.3551,-2.42601,-1.17398,4.52341,-1.50615,-2.54536,4.78317,-1.51612,-1.2274,4.85985,-1.47747,0.137736,4.74982,-1.38513,1.49689,1.09918,-0.746085,-6.85102,2.04802,-0.748668,-6.43739,2.91825,-0.733254,-5.77874,3.67689,-0.703135,-4.89956,4.29502,-0.660647,-3.83308,4.74893,-0.606889,-2.62005,5.021,-0.541764,-1.30716,5.10038,-0.464302,0.054721,1.10871,-0.570074,-6.87087,2.06637,-0.398175,-6.47626,2.94413,-0.215072,-5.83544,3.70859,-0.029964,-4.97247,4.33062,0.148436,-3.92013,4.78643,0.312461,-2.71864,5.05849,0.455917,-1.41423,1.07941,-0.399188,-6.89161,2.008,-0.057353,-6.51851,2.85787,0.289642,-5.89934,3.59669,0.626808,-5.05729,4.19644,0.939074,-4.02401,4.63442,1.21219,-2.83853,4.89414,1.43359,-1.54585,4.96582,1.59322,-0.195332,1.01242,-0.240193,-6.91237,1.87527,0.259918,-6.56227,2.66308,0.759827,-5.9675,3.34595,1.2392,-5.14994,3.89825,1.67704,-4.13962,4.29953,2.05292,-2.97372,4.53514,2.34824,-1.69547,4.59671,2.54762,-0.352723,4.48234,2.64008,1.00364,0.910392,-0.099388,-6.9322,1.67354,0.540716,-6.60526,2.36774,1.17586,-6.03601,2.96682,1.78113,-5.24477,3.44867,2.33046,-4.25957,3.79605,2.79798,-3.11534,3.99691,3.15977,-1.85312,4.04476,3.39566,-0.518954,0.777309,0.017669,-6.95012,1.41085,0.773686,-6.64498,1.98385,1.52056,-6.1004,2.47493,2.22987,-5.3351,2.86649,2.87155,-4.37496,3.14523,3.41546,-3.25256,3.30231,3.83332,-2.00658,3.33346,4.10093,-0.681094,0.618372,0.106402,-6.9652,1.09762,0.949569,-6.67895,1.52684,1.78006,-6.15613,1.89032,2.56718,-5.41399,2.17567,3.27819,-4.47646,2.37409,3.87999,-3.37389,2.48034,4.34117,-2.14279,2.49259,4.63448,-0.825367,2.41208,4.73916,0.53107,0.439766,0.163387,-6.97663,0.746167,1.06159,-6.7049,1.0149,1.94438,-6.19902,1.23649,2.78011,-5.47506,1.4042,3.53484,-4.55541,1.51408,4.17391,-3.4687,1.56467,4.66409,-2.24963,1.55667,4.97607,-0.938914,0.248401,0.18651,-6.98377,0.370208,1.10573,-6.72111,0.468137,2.00784,-6.22582,0.53928,2.86156,-5.51329,0.58277,3.63316,-4.60502,0.599565,4.28786,-3.52854,0.563291,5.11496,-1.0115,-0.174154,2.81026,-5.52563,0.107606,-0.721792,-7.00473,0.074505,-0.007917,-0.059304],
    "faces":[41,2,1,10,11,0,1,2,3,0,1,2,3,41,3,2,11,12,0,1,2,3,4,0,3,5,41,7,6,14,15,0,1,2,3,6,7,8,9,41,8,7,15,16,0,1,2,3,10,6,9,11,41,9,8,16,17,0,1,2,3,12,10,11,13,41,10,9,17,18,0,1,2,3,2,12,13,14,41,11,10,18,19,0,1,2,3,3,2,14,15,40,5,78,13,0,2,3,16,17,18,41,6,5,13,14,0,1,2,3,7,16,18,8,41,19,18,25,26,0,1,2,3,15,14,19,20,40,13,78,20,0,2,3,18,17,21,41,14,13,20,21,0,1,2,3,8,18,21,22,41,15,14,21,22,0,1,2,3,9,8,22,23,41,16,15,22,23,0,1,2,3,11,9,23,24,41,17,16,23,24,0,1,2,3,13,11,24,25,41,18,17,24,25,0,1,2,3,14,13,25,19,41,22,21,29,30,0,1,2,3,23,22,26,27,41,23,22,30,31,0,1,2,3,24,23,27,28,41,24,23,31,32,0,1,2,3,25,24,28,29,41,25,24,32,33,0,1,2,3,19,25,29,30,41,26,25,33,34,0,1,2,3,20,19,30,31,41,27,26,34,35,0,1,2,3,32,20,31,33,40,20,78,28,0,2,3,21,17,34,41,21,20,28,29,0,1,2,3,22,21,34,26,41,34,33,42,43,0,1,2,3,31,30,35,36,41,35,34,43,44,0,1,2,3,33,31,36,37,40,28,78,37,0,2,3,34,17,38,41,29,28,37,38,0,1,2,3,26,34,38,39,41,30,29,38,39,0,1,2,3,27,26,39,40,41,31,30,39,40,0,1,2,3,28,27,40,41,41,32,31,40,41,0,1,2,3,29,28,41,42,41,33,32,41,42,0,1,2,3,30,29,42,35,41,40,39,47,48,0,1,2,3,41,40,43,44,41,41,40,48,49,0,1,2,3,42,41,44,45,41,42,41,49,50,0,1,2,3,35,42,45,46,41,43,42,50,51,0,1,2,3,36,35,46,47,41,44,43,51,52,0,1,2,3,37,36,47,48,40,37,78,45,0,2,3,38,17,49,41,38,37,45,46,0,1,2,3,39,38,49,50,41,39,38,46,47,0,1,2,3,40,39,50,43,41,52,51,59,60,0,1,2,3,48,47,51,52,40,45,78,53,0,2,3,49,17,53,41,46,45,53,54,0,1,2,3,50,49,53,54,41,47,46,54,55,0,1,2,3,43,50,54,55,41,48,47,55,56,0,1,2,3,44,43,55,56,41,49,48,56,57,0,1,2,3,45,44,56,57,41,50,49,57,58,0,1,2,3,46,45,57,58,41,51,50,58,59,0,1,2,3,47,46,58,51,41,56,55,64,65,0,1,2,3,56,55,59,60,41,57,56,65,66,0,1,2,3,57,56,60,61,41,58,57,66,67,0,1,2,3,58,57,61,62,41,59,58,67,68,0,1,2,3,51,58,62,63,41,60,59,68,69,0,1,2,3,52,51,63,64,40,53,78,62,0,2,3,53,17,65,41,54,53,62,63,0,1,2,3,54,53,65,66,41,55,54,63,64,0,1,2,3,55,54,66,59,40,62,78,70,0,2,3,65,17,67,41,63,62,70,71,0,1,2,3,66,65,67,68,41,64,63,71,72,0,1,2,3,59,66,68,69,41,65,64,72,73,0,1,2,3,60,59,69,70,41,66,65,73,74,0,1,2,3,61,60,70,71,41,67,66,74,75,0,1,2,3,62,61,71,72,40,12,11,19,0,2,3,5,3,15,40,68,67,75,0,2,3,63,62,72,40,4,3,12,0,2,3,73,4,5,40,61,60,69,0,2,3,74,52,64,40,27,35,36,0,2,3,32,33,75,40,52,60,61,0,2,3,48,52,74,40,36,35,44,0,2,3,75,33,37,40,74,73,77,0,2,3,71,70,76,40,2,0,1,0,2,3,0,77,1,40,0,2,3,0,2,3,77,0,4,40,10,1,9,0,2,3,2,1,12,40,73,72,77,0,2,3,70,69,76,40,69,68,76,0,2,3,64,63,78,40,69,79,61,0,2,3,64,79,74,40,52,79,44,0,2,3,48,79,37,40,72,79,77,0,2,3,69,79,76,40,36,79,27,0,2,3,75,79,32,40,27,79,26,0,2,3,32,79,20,40,74,79,75,0,2,3,71,79,72,40,68,79,76,0,2,3,63,79,78,40,6,79,5,0,2,3,7,79,16,40,61,79,52,0,2,3,74,79,48,40,26,79,19,0,2,3,20,79,15,40,76,79,69,0,2,3,78,79,64,40,7,79,6,0,2,3,6,79,7,40,5,79,78,0,2,3,16,79,17,40,44,79,36,0,2,3,37,79,75,40,78,79,70,0,2,3,17,79,67,40,8,79,7,0,2,3,10,79,6,40,77,79,74,0,2,3,76,79,71,40,19,79,12,0,2,3,15,79,5,40,9,79,8,0,2,3,12,79,10,40,70,79,71,0,2,3,67,79,68,40,0,79,1,0,2,3,77,79,1,40,75,79,68,0,2,3,72,79,63,40,71,79,72,0,2,3,68,79,69,40,3,79,0,0,2,3,4,79,77,40,12,79,4,0,2,3,5,79,73,40,1,79,9,0,2,3,1,79,12,40,4,79,3,0,2,3,73,79,4],
    "name":"Sphere.002Geometry",
    "uvs":[[0,0,0,1,1,1,1,0]],
    "metadata":{
        "generator":"io_three",
        "uvs":1,
        "vertices":80,
        "type":"Geometry",
        "version":3,
        "faces":102,
        "normals":80
    },
    "normals":[0.934599,-0.337565,-0.111911,0.380169,-0.764702,-0.520218,0.950682,-0.160955,-0.265053,0.981475,-0.148198,-0.121342,0.613025,-0.75869,0.220283,0.799463,0.460677,0.385479,0.456893,-0.760216,-0.461806,0.332438,-0.760857,-0.557268,0.504105,-0.071841,-0.860622,0.681661,-0.045412,-0.730216,0.546098,-0.757714,-0.357219,0.812128,-0.01941,-0.583117,0.597125,-0.686911,-0.414197,0.901944,0.004944,-0.431806,0.959014,0.027406,-0.281961,0.903226,0.30079,0.30607,0.171545,-0.758751,-0.628346,-0.59209,-0.55565,-0.583636,0.280618,-0.096225,-0.954955,0.927824,0.215674,-0.3043,0.991974,0.040162,0.119846,0.269326,-0.044435,-0.962004,0.483657,0.025178,-0.874874,0.65566,0.087069,-0.749992,0.783227,0.139164,-0.605914,0.871609,0.181646,-0.455245,0.443403,0.117191,-0.888607,0.60155,0.212714,-0.769951,0.720054,0.289865,-0.630451,0.803095,0.349895,-0.482223,0.856502,0.395337,-0.331767,0.885067,0.428571,-0.181494,0.856258,-0.424757,0.293832,0.89111,0.452651,-0.031526,0.247841,0.004913,-0.96878,0.746391,0.558214,-0.362285,0.772942,0.59801,-0.21189,0.503677,0.775079,0.38142,0.216926,0.049928,-0.974883,0.384991,0.20014,-0.900937,0.5215,0.325663,-0.788629,0.624714,0.425306,-0.654805,0.698172,0.501633,-0.510727,0.419416,0.420576,-0.804468,0.501724,0.538774,-0.676717,0.561266,0.628986,-0.537858,0.601367,0.6957,-0.392865,0.624378,0.742119,-0.243629,0.69808,0.602069,0.387494,0.17777,0.088687,-0.980041,0.311136,0.270486,-0.911039,0.446028,0.852321,-0.273019,0.449751,0.884945,-0.120579,0.132054,0.119602,-0.983978,0.225532,0.325327,-0.918302,0.30079,0.493393,-0.816126,0.357891,0.624836,-0.693838,0.399701,0.725272,-0.560533,0.428602,0.799982,-0.419874,0.172033,0.541612,-0.82281,0.201605,0.680288,-0.704642,0.223273,0.786218,-0.576159,0.237617,0.866268,-0.439436,-0.193915,0.937986,-0.287332,-0.019257,0.954436,0.297708,0.081759,0.141362,-0.986572,0.132328,0.362804,-0.922391,-0.634419,0.20365,-0.745659,-0.618336,0.362163,-0.697439,-0.541581,0.389447,-0.744957,0.041505,0.70455,-0.708426,-0.471511,0.801447,-0.36784,-0.618793,0.767724,-0.166265,0.318857,-0.317057,0.893185,0.175512,0.537706,0.824641,0.372784,0.327372,0.868221,-0.810511,0.357768,-0.463729,0.176336,-0.982971,-0.051454,-0.67925,0.702658,0.211798,-0.700797,-0.391919,0.595996]
}