{
    "vertices":[-2.39779,-3.11896,-4.78496,-0.414129,-1.51916,-6.79482,-0.925235,-2.24805,-6.34071,-1.40412,-2.89857,-5.65581,-1.83034,-3.45439,-4.76181,-2.18565,-3.90041,-3.68845,-2.62694,-4.40666,-1.15867,-0.236459,-1.57732,-6.78676,-0.577426,-2.3646,-6.32777,-0.89996,-3.0725,-5.64071,-1.18933,-3.68303,-4.74651,-1.43227,-4.17898,-3.67402,-1.61777,-4.54358,-2.45949,-0.045565,-1.60278,-6.78171,-0.203291,-2.41773,-6.3197,-0.357127,-3.15495,-5.63132,-0.498668,-3.79535,-4.7371,-0.620192,-4.32016,-3.66529,-0.715234,-4.71069,-2.45159,-0.80894,-5.01761,0.226779,0.151249,-1.59442,-6.77976,0.182899,-2.4049,-6.31632,0.203749,-3.14171,-5.627,0.215496,-3.78539,-4.73225,0.219961,-4.31627,-3.66021,0.218749,-4.71443,-2.44637,0.212978,-4.96024,-1.13286,0.203085,-5.03579,0.232608,0.346416,-1.55239,-6.78096,0.566298,-2.32592,-6.31763,0.761114,-3.03186,-5.62758,0.925727,-3.65121,-4.73157,1.05593,-4.16427,-3.65808,1.14836,-4.55073,-2.44288,1.20038,-4.79047,-1.12834,1.21015,-4.86509,0.237685,1.17655,-4.75989,1.60311,0.532402,-1.47811,-6.7853,0.932047,-2.18306,-6.32379,1.29329,-2.82801,-5.63347,1.60434,-3.39534,-4.73573,1.85508,-3.86633,-3.65981,2.03723,-4.22135,-2.44221,2.14453,-4.4408,-1.12591,2.17286,-4.50673,0.240776,2.12033,-4.4049,1.6056,0.701998,-1.37425,-6.79278,1.26587,-1.98107,-6.33512,1.77938,-2.53642,-5.64558,2.22453,-3.02505,-4.74637,2.58568,-3.43034,-3.66779,2.84999,-3.73451,-2.44739,3.00775,-3.91966,-1.12907,3.05273,-3.96929,0.238201,2.98241,-3.87039,1.60191,2.79811,-3.61558,2.90781,0.848614,-1.24464,-6.80331,1.55465,-1.72714,-6.35199,2.20008,-2.16704,-5.66512,2.76146,-2.5525,-4.76582,3.21829,-2.87016,-3.68552,3.55367,-3.10534,-2.46295,3.7549,-3.24299,-1.14308,3.81393,-3.26917,0.224392,3.72765,-3.17283,1.58665,0.966534,-1.09418,-6.81674,1.78698,-1.43067,-6.37469,2.53857,-1.73332,-5.69333,3.19342,-1.99463,-4.79659,3.72706,-2.2056,-3.71688,4.11933,-2.35584,-2.49404,4.3551,-2.43437,-1.17398,4.42487,-2.43073,0.192906,4.32517,-2.3366,1.55358,1.05116,-0.928635,-6.83279,1.95364,-1.10302,-6.40326,2.78123,-1.25182,-5.73113,3.50279,-1.37269,-4.8408,4.09101,-1.46193,-3.76536,4.52341,-1.51451,-2.54536,4.85985,-1.48583,0.137736,4.74982,-1.39349,1.49689,1.09918,-0.754447,-6.85102,2.04802,-0.757029,-6.43739,2.91825,-0.741615,-5.77874,3.67689,-0.711497,-4.89956,4.29502,-0.669008,-3.83308,-2.42152,-4.23513,-2.47233,0.107606,-0.730153,-7.00473,0.064917,-0.022497,-0.068537],
    "faces":[32,1,88,7,0,1,2,33,2,1,7,8,3,0,2,4,33,3,2,8,9,5,3,4,6,33,4,3,9,10,7,5,6,8,33,5,4,10,11,9,7,8,10,33,10,9,15,16,8,6,11,12,33,11,10,16,17,10,8,12,13,33,12,11,17,18,14,10,13,15,32,7,88,13,2,1,16,33,8,7,13,14,4,2,16,17,33,9,8,14,15,6,4,17,11,32,13,88,20,16,1,18,33,14,13,20,21,17,16,18,19,33,15,14,21,22,11,17,19,20,33,16,15,22,23,12,11,20,21,33,17,16,23,24,13,12,21,22,33,18,17,24,25,15,13,22,23,33,23,22,30,31,21,20,24,25,33,24,23,31,32,22,21,25,26,33,25,24,32,33,23,22,26,27,33,26,25,33,34,28,23,27,29,33,27,26,34,35,30,28,29,31,32,20,88,28,18,1,32,33,21,20,28,29,19,18,32,33,33,22,21,29,30,20,19,33,24,33,35,34,43,44,31,29,34,35,32,28,88,37,32,1,36,33,36,35,44,45,37,31,35,38,33,29,28,37,38,33,32,36,39,33,30,29,38,39,24,33,39,40,33,31,30,39,40,25,24,40,41,33,32,31,40,41,26,25,41,42,33,33,32,41,42,27,26,42,43,33,34,33,42,43,29,27,43,34,33,41,40,49,50,42,41,44,45,33,42,41,50,51,43,42,45,46,33,43,42,51,52,34,43,46,47,33,44,43,52,53,35,34,47,48,32,37,88,46,36,1,49,33,45,44,53,54,38,35,48,50,33,38,37,46,47,39,36,49,51,33,39,38,47,48,40,39,51,52,33,40,39,48,49,41,40,52,44,32,46,88,56,49,1,53,33,54,53,63,64,50,48,54,55,33,47,46,56,57,51,49,53,56,33,48,47,57,58,52,51,56,57,33,49,48,58,59,44,52,57,58,33,50,49,59,60,45,44,58,59,33,51,50,60,61,46,45,59,60,33,52,51,61,62,47,46,60,61,33,53,52,62,63,48,47,61,54,33,60,59,68,69,59,58,62,63,33,61,60,69,70,60,59,63,64,33,62,61,70,71,61,60,64,65,33,63,62,71,72,54,61,65,66,32,56,88,65,53,1,67,33,64,63,72,73,55,54,66,68,33,57,56,65,66,56,53,67,69,33,58,57,66,67,57,56,69,70,33,59,58,67,68,58,57,70,62,33,73,72,80,81,68,66,71,72,33,66,65,74,75,69,67,73,74,33,67,66,75,76,70,69,74,75,33,68,67,76,77,62,70,75,76,33,69,68,77,78,63,62,76,77,33,70,69,78,79,64,63,77,78,32,71,70,79,65,64,78,32,72,71,80,66,65,71,32,65,88,74,67,1,73,32,79,78,86,78,77,79,32,74,88,82,73,1,80,33,75,74,82,83,74,73,80,81,33,76,75,83,84,75,74,81,82,33,77,76,84,85,76,75,82,83,33,78,77,85,86,77,76,83,79,32,18,25,26,15,23,28,32,0,4,5,84,7,9,33,5,11,12,87,9,10,14,85,32,55,54,64,86,50,55,32,27,35,36,30,31,37,32,12,6,87,14,87,85,32,4,0,3,7,84,5,32,45,54,55,38,50,86,32,27,19,26,30,88,28,32,64,89,55,55,89,86,32,0,89,3,84,89,5,32,27,89,19,30,89,88,32,73,89,64,68,89,55,32,36,89,27,37,89,30,32,55,89,45,86,89,38,32,80,89,81,71,89,72,32,1,89,88,0,89,1,32,19,89,26,88,89,28,32,81,89,73,72,89,68,32,82,89,83,80,89,81,32,79,89,71,78,89,65,32,2,89,1,3,89,0,32,83,89,84,81,89,82,32,71,89,80,65,89,71,32,26,89,18,28,89,15,32,3,89,2,5,89,3,32,88,89,82,1,89,80,32,84,89,85,82,89,83,32,45,89,36,38,89,37,32,86,89,79,79,89,78,32,18,89,12,15,89,14,32,5,89,0,9,89,84,32,6,89,87,87,89,85,32,85,89,86,83,89,79,32,87,89,5,85,89,9,32,12,89,6,14,89,87],
    "name":"Sphere.003Geometry",
    "uvs":[],
    "metadata":{
        "generator":"io_three",
        "uvs":0,
        "vertices":90,
        "type":"Geometry",
        "version":3,
        "faces":112,
        "normals":90
    },
    "normals":[-0.65624,0.102176,-0.747581,-0.330638,0.576647,-0.747063,-0.052828,-0.368084,-0.928281,-0.737327,-0.040742,-0.674276,-0.112857,-0.574084,-0.810938,-0.708579,-0.133518,-0.692862,-0.163945,-0.7257,-0.668172,-0.345714,-0.772454,-0.532701,-0.204474,-0.828242,-0.521683,-0.866482,-0.461562,-0.190069,-0.236122,-0.893918,-0.380932,-0.040315,-0.749809,-0.66039,-0.058626,-0.855068,-0.515152,-0.075014,-0.923093,-0.377117,-0.072024,-0.98236,0.172399,-0.285104,-0.939482,0.189947,-0.001709,-0.380016,-0.924955,-0.020661,-0.593738,-0.804346,0.049959,-0.381512,-0.923002,0.072146,-0.595111,-0.800348,0.083712,-0.750206,-0.655873,0.087497,-0.854701,-0.511673,0.086642,-0.922788,-0.375408,0.084414,-0.965484,-0.246345,0.205054,-0.7275,-0.654714,0.230934,-0.827937,-0.511032,0.245888,-0.893674,-0.375256,0.254219,-0.935362,-0.245827,-0.398999,-0.911252,-0.101871,0.258339,-0.9588,-0.117893,-0.178167,-0.850551,0.494766,0.259438,-0.965636,0.013703,0.100345,-0.3726,-0.922544,0.162786,-0.57857,-0.799219,0.43144,-0.894559,-0.116428,0.437361,-0.899106,0.016327,0.147557,-0.353679,-0.923612,-0.206763,-0.565996,0.798029,0.084964,-0.775842,0.625141,0.248451,-0.544694,-0.800958,0.320597,-0.682424,-0.65685,0.368358,-0.775323,-0.512986,0.399274,-0.835994,-0.376385,0.419172,-0.873989,-0.245705,0.495773,-0.69747,-0.51738,0.542192,-0.749992,-0.378796,0.573107,-0.781762,-0.245582,0.592669,-0.797327,-0.113926,0.602313,-0.797967,0.020569,0.189795,-0.325632,-0.926237,0.599658,-0.783776,0.161443,0.326334,-0.494583,-0.805506,0.426771,-0.615955,-0.66213,0.225501,-0.28956,-0.930204,0.746574,-0.664785,0.024995,0.731956,-0.275613,0.623096,0.393536,-0.429701,-0.812677,0.51973,-0.529557,-0.67037,0.608386,-0.595721,-0.524308,0.669057,-0.636982,-0.382824,0.709616,-0.660146,-0.246223,0.734855,-0.668966,-0.111515,0.701041,-0.472549,-0.534043,0.773736,-0.499802,-0.389233,0.8211,-0.513352,-0.249458,0.991821,-0.061769,-0.111606,0.86343,-0.503708,0.027039,0.253365,-0.246895,-0.935301,0.512955,-0.259255,0.818323,0.447218,-0.352062,-0.822199,0.595355,-0.42552,-0.681509,0.874874,0.41963,-0.241798,0.644459,0.397839,0.652943,0.272317,-0.199316,-0.941313,0.484878,-0.264321,-0.833674,0.649678,-0.307138,-0.695364,0.768578,-0.331797,-0.546922,0.849849,-0.34373,-0.399426,0.96762,0.221747,0.120426,0.798975,0.569231,-0.193762,0.248634,0.568926,-0.783868,0.426008,0.552995,-0.716025,0.569475,0.545305,-0.61507,0.675741,0.543352,-0.498093,-0.90582,0.040559,-0.421674,-0.919004,-0.324931,-0.223151,0.145299,-0.183294,0.972259,-0.597461,-0.46379,0.654134,-0.787164,-0.489883,0.374645,-0.431867,0.773064,0.464583]
}