{
    "vertices":[-4.38211,-0.187203,3.73877,-2.98891,0.134137,5.66597,-2.10541,0.279376,6.31651,-1.14154,0.40942,6.72147,-4.95277,-1.44602,1.34741,-4.68933,-1.25179,2.64577,-4.2459,-1.01494,3.84042,-3.63981,-0.742501,4.88495,-2.89471,-0.442672,5.73864,-2.03957,-0.124836,6.36804,-1.10756,0.20046,6.74842,-4.68517,-2.46067,0.080367,-4.61583,-2.3198,1.43454,-4.36896,-2.09593,2.73256,-3.95466,-1.79357,3.92356,-3.38953,-1.42011,4.96048,-2.69599,-0.986205,5.8021,-1.9013,-0.505919,6.41472,-1.0364,0.00341,6.77375,-4.10817,-3.10693,1.49793,-3.88776,-2.85723,2.79734,-3.5185,-2.49634,3.98776,-3.01572,-2.03196,5.02113,-2.3999,-1.47702,5.85518,-1.69567,-0.849923,6.45537,-0.930726,-0.174348,6.79665,-3.26251,-3.50961,2.84247,-2.95277,-3.09883,4.03458,-2.53171,-2.55641,5.06755,-2.01715,-1.89739,5.89772,-1.43026,-1.14417,6.48934,-0.794522,-0.326115,6.8165,-2.65685,-4.31764,1.56687,-2.51536,-4.02997,2.87188,-2.27766,-3.57944,4.06692,-1.95495,-2.97441,5.10142,-1.56174,-2.23185,5.9303,-1.11493,-1.37768,6.51639,-0.632928,-0.446144,6.8328,-1.76494,-4.69742,1.58227,-1.67325,-4.39873,2.89013,-1.51765,-3.92001,4.08825,-1.30653,-3.27008,5.12497,-1.05047,-2.46764,5.95387,-0.761461,-1.54149,6.53655,-0.452066,-0.529826,6.84521,-0.767143,-4.60046,2.90144,-0.700773,-4.1064,4.10185,-0.610488,-3.43128,5.14029,-0.502458,-2.59518,5.96942,-0.383179,-1.62906,6.54997,-0.258819,-0.573878,6.85351,0.168995,-4.62462,2.90882,0.142276,-4.12916,4.11005,0.10693,-3.45013,5.14891,0.061559,-2.60851,5.97767,0.005534,-1.63652,6.55674,-0.060572,-0.576467,6.85753,1.17655,-4.75989,1.60311,1.09933,-4.46632,2.9134,0.979223,-3.9842,4.11369,0.818249,-3.32357,5.15132,0.619963,-2.50567,5.97883,0.38976,-1.56287,6.55687,0.13506,-0.537316,6.85718,2.12033,-4.4049,1.6056,1.9875,-4.12711,2.91412,1.49576,-3.05379,5.14687,1.15106,-2.28897,5.97245,0.754618,-1.41019,6.55014,0.320528,-0.457721,6.85241,1.63394,-1.96518,5.95757,1.08585,-1.18359,6.53622,0.488642,-0.340564,6.84326,-0.134675,0.521661,6.86475,0.141681,0.016649,-0.021078],
    "faces":[33,2,1,8,9,0,1,2,3,33,3,2,9,10,4,0,3,5,32,74,3,10,6,4,5,32,0,6,7,7,8,9,32,8,1,7,2,1,9,33,8,7,15,16,2,9,10,11,33,9,8,16,17,3,2,11,12,33,10,9,17,18,5,3,12,13,32,74,10,18,6,5,13,32,12,4,11,14,15,16,33,5,4,12,13,17,15,14,18,33,6,5,13,14,8,17,18,19,33,7,6,14,15,9,8,19,10,33,13,12,19,20,18,14,20,21,33,14,13,20,21,19,18,21,22,33,15,14,21,22,10,19,22,23,33,16,15,22,23,11,10,23,24,33,17,16,23,24,12,11,24,25,33,18,17,24,25,13,12,25,26,32,74,18,25,6,13,26,32,12,11,19,14,16,20,33,24,23,29,30,25,24,27,28,33,25,24,30,31,26,25,28,29,32,74,25,31,6,26,29,33,21,20,26,27,22,21,30,31,33,22,21,27,28,23,22,31,32,33,23,22,28,29,24,23,32,27,33,27,26,33,34,31,30,33,34,33,28,27,34,35,32,31,34,35,33,29,28,35,36,27,32,35,36,33,30,29,36,37,28,27,36,37,33,31,30,37,38,29,28,37,38,32,74,31,38,6,29,38,33,37,36,43,44,37,36,39,40,33,38,37,44,45,38,37,40,41,32,74,38,45,6,38,41,33,33,32,39,40,33,42,43,44,33,34,33,40,41,34,33,44,45,33,35,34,41,42,35,34,45,46,33,36,35,42,43,36,35,46,39,33,41,40,46,47,45,44,47,48,33,42,41,47,48,46,45,48,49,33,43,42,48,49,39,46,49,50,33,44,43,49,50,40,39,50,51,33,45,44,50,51,41,40,51,52,32,74,45,51,6,41,52,33,51,50,56,57,52,51,53,54,32,74,51,57,6,52,54,33,47,46,52,53,48,47,55,56,33,48,47,53,54,49,48,56,57,33,49,48,54,55,50,49,57,58,33,50,49,55,56,51,50,58,53,33,54,53,60,61,57,56,59,60,33,55,54,61,62,58,57,60,61,33,56,55,62,63,53,58,61,62,33,57,56,63,64,54,53,62,63,32,74,57,64,6,54,63,33,53,52,59,60,56,55,64,59,32,74,64,70,6,63,65,33,59,58,65,66,64,66,67,68,33,62,61,67,68,61,60,69,70,33,63,62,68,69,62,61,70,71,33,64,63,69,70,63,62,71,65,33,69,68,71,72,71,70,72,73,33,70,69,72,73,65,71,73,74,32,74,70,73,6,65,74,32,40,39,46,44,43,47,32,61,60,67,60,59,69,32,33,26,32,33,30,42,32,20,19,26,21,20,30,32,68,67,71,70,69,72,32,59,52,58,64,55,66,32,60,59,66,59,64,68,32,11,75,19,16,75,20,32,0,75,6,7,75,8,32,39,75,46,43,75,47,32,46,75,52,47,75,55,32,1,75,7,1,75,9,32,32,75,39,42,75,43,32,60,75,67,59,75,69,32,7,75,0,9,75,7,32,65,75,66,67,75,68,32,74,75,3,6,75,4,32,26,75,32,30,75,42,32,19,75,26,20,75,30,32,2,75,1,0,75,1,32,67,75,71,69,75,72,32,71,75,72,72,75,73,32,4,75,11,15,75,16,32,3,75,2,4,75,0,32,52,75,58,55,75,66,32,72,75,73,73,75,74,32,5,75,4,17,75,15,32,66,75,60,68,75,59,32,73,75,74,74,75,6,32,6,75,5,8,75,17,32,58,75,65,66,75,67],
    "name":"Sphere.006Geometry",
    "uvs":[],
    "metadata":{
        "generator":"io_three",
        "uvs":0,
        "vertices":76,
        "type":"Geometry",
        "version":3,
        "faces":97,
        "normals":76
    },
    "normals":[-0.434462,0.692404,0.576006,-0.665639,0.662801,0.342906,-0.661519,-0.083224,0.745262,-0.489761,-0.019227,0.871609,-0.269539,0.719047,0.640522,-0.273934,0.051424,0.960356,0.284555,0.739494,0.610034,-0.772118,0.630818,-0.076662,-0.981323,-0.009095,0.192083,-0.813959,0.329783,0.478225,-0.732902,-0.291299,0.614795,-0.615741,-0.2107,0.759209,-0.455611,-0.111484,0.883145,-0.254402,0.001556,0.967071,-0.885891,-0.433393,0.165319,-0.887387,0.43556,-0.150914,-0.528428,-0.335093,-0.780023,-0.878536,0.446303,0.170202,-0.860927,-0.400952,0.313059,-0.81222,-0.353862,0.463698,-0.321635,-0.926786,-0.193854,-0.758782,-0.5674,0.319803,-0.717978,-0.512314,0.471145,-0.649709,-0.433576,0.624409,-0.546556,-0.328654,0.770196,-0.404401,-0.19657,0.893185,-0.225654,-0.043825,0.973205,-0.456038,-0.431776,0.778161,-0.337779,-0.270791,0.901395,-0.18891,-0.082827,0.978484,-0.649861,-0.757439,0.062746,-0.595508,-0.649037,0.473373,-0.54088,-0.557451,0.62978,-0.47203,-0.823725,0.314066,-0.450392,-0.757805,0.47203,-0.41084,-0.657125,0.631947,-0.347453,-0.515183,0.783471,-0.258187,-0.330699,0.907712,-0.145695,-0.113865,0.982727,-0.224982,-0.574938,0.786645,-0.168676,-0.373577,0.912107,-0.097873,-0.135746,0.98587,-0.683309,-0.521683,-0.510758,0.060854,-0.868526,-0.491867,-0.300485,-0.90173,0.310739,-0.288705,-0.83459,0.469131,-0.264718,-0.728172,0.632191,0.069979,-0.993103,-0.093844,-0.116337,-0.876858,0.466445,-0.108036,-0.767602,0.631703,-0.093387,-0.608203,0.788232,-0.072726,-0.397351,0.914762,-0.047243,-0.147679,0.987884,0.025758,-0.400922,0.915738,0.004334,-0.149327,0.988769,-0.11597,-0.986419,-0.116062,0.060854,-0.883145,0.465102,0.053285,-0.773675,0.631306,0.042024,-0.6133,0.78872,0.643208,-0.65392,0.398267,0.214301,-0.745872,0.630634,0.175726,-0.589831,0.788141,0.122776,-0.384045,0.915098,0.055025,-0.140629,0.988525,0.249702,-0.91937,0.303903,0.102939,-0.121921,0.987182,-0.124393,-0.854549,-0.504196,0.812586,-0.431715,-0.391491,0.875729,-0.211249,0.434065,0.836329,-0.482131,0.260872,0.303964,-0.538591,0.785791,0.21424,-0.347453,0.91287,0.894681,-0.046602,0.444197,0.736076,0.158147,0.658132,0.631611,0.314249,0.708701,0.354808,0.530992,-0.769494]
}