{
    "uvs":[[0,0,1,0,1,1,0,1]],
    "faces":[41,0,2,3,1,0,1,2,3,0,1,2,3,41,4,5,7,6,0,1,2,3,4,5,6,7,41,1,3,7,5,0,1,2,3,3,2,6,5,41,2,0,4,6,0,1,2,3,1,0,4,7,41,3,2,6,7,0,1,2,3,2,1,7,6,41,0,1,5,4,0,1,2,3,0,3,5,4,41,11,9,13,15,0,3,2,1,0,3,5,4,41,10,11,15,14,0,3,2,1,1,0,4,7,41,8,10,14,12,0,3,2,1,2,1,7,6,41,10,8,9,11,0,3,2,1,1,2,3,0,41,12,14,15,13,0,3,2,1,6,7,4,5,41,9,8,12,13,0,3,2,1,3,2,6,5,41,19,17,21,23,0,3,2,1,0,3,5,4,41,18,19,23,22,0,3,2,1,1,0,4,7,41,16,18,22,20,0,3,2,1,2,1,7,6,41,18,16,17,19,0,3,2,1,1,2,3,0,41,20,22,23,21,0,3,2,1,6,7,4,5,41,17,16,20,21,0,3,2,1,3,2,6,5,41,27,25,29,31,0,3,2,1,0,3,5,4,41,26,27,31,30,0,3,2,1,1,0,4,7,41,24,26,30,28,0,3,2,1,2,1,7,6,41,26,24,25,27,0,3,2,1,1,2,3,0,41,28,30,31,29,0,3,2,1,6,7,4,5,41,25,24,28,29,0,3,2,1,3,2,6,5,41,35,33,37,39,0,3,2,1,0,3,5,4,41,34,35,39,38,0,3,2,1,1,0,4,7,41,32,34,38,36,0,3,2,1,2,1,7,6,41,34,32,33,35,0,3,2,1,1,2,3,0,41,36,38,39,37,0,3,2,1,6,7,4,5,41,33,32,36,37,0,3,2,1,3,2,6,5],
    "vertices":[-23.8619,-1.31112,23.9419,24.5398,-1.31112,23.9419,-23.8619,-1.31112,-24.4599,24.5398,-1.31112,-24.4599,-23.8619,-0.162602,23.9419,24.5398,-0.162602,23.9419,-23.8619,-0.162604,-24.4599,24.5398,-0.162604,-24.4599,-21.4298,-26.4509,21.2314,-21.4298,-26.4509,23.5528,-23.7512,-26.4509,21.2314,-23.7512,-26.4509,23.5528,-21.4298,-1.01106,21.2314,-21.4298,-1.01105,23.5528,-23.7512,-1.01106,21.2314,-23.7512,-1.01105,23.5528,24.0777,-26.5121,-24.2761,24.0777,-26.5121,-21.9547,21.7563,-26.5121,-24.2761,21.7563,-26.5121,-21.9547,24.0777,-1.07227,-24.2761,24.0777,-1.07227,-21.9547,21.7563,-1.07227,-24.2761,21.7563,-1.07227,-21.9547,24.0777,-26.4509,21.2314,24.0777,-26.4509,23.5528,21.7563,-26.4509,21.2314,21.7563,-26.4509,23.5528,24.0777,-1.01106,21.2314,24.0777,-1.01105,23.5528,21.7563,-1.01106,21.2314,21.7563,-1.01105,23.5528,-21.4298,-26.4892,-24.2761,-21.4298,-26.4892,-21.9547,-23.7512,-26.4892,-24.2761,-23.7512,-26.4892,-21.9547,-21.4298,-1.04931,-24.2761,-21.4298,-1.04931,-21.9547,-23.7512,-1.04931,-24.2761,-23.7512,-1.04931,-21.9547],
    "metadata":{
        "version":3,
        "uvs":1,
        "faces":30,
        "vertices":40,
        "type":"Geometry",
        "generator":"io_three",
        "normals":8
    },
    "normals":[-0.577349,-0.577349,0.577349,-0.577349,-0.577349,-0.577349,0.577349,-0.577349,-0.577349,0.577349,-0.577349,0.577349,-0.577349,0.577349,0.577349,0.577349,0.577349,0.577349,0.577349,0.577349,-0.577349,-0.577349,0.577349,-0.577349],
    "name":"Cube.003Geometry.3"
}