{
    "faces":[33,0,2,3,1,0,1,2,3,33,4,5,7,6,4,5,6,7,33,1,3,7,5,3,2,6,5,33,2,0,4,6,1,0,4,7,33,3,2,6,7,2,1,7,6,33,0,1,5,4,0,3,5,4,33,11,15,13,9,6,2,1,7,33,10,14,15,11,5,3,2,6,33,8,12,14,10,4,0,3,5,33,10,11,9,8,5,6,7,4,33,12,13,15,14,0,1,2,3,33,9,13,12,8,7,1,0,4,33,19,23,21,17,6,2,1,7,33,18,22,23,19,5,3,2,6,33,16,20,22,18,4,0,3,5,33,18,19,17,16,5,6,7,4,33,20,21,23,22,0,1,2,3,33,17,21,20,16,7,1,0,4,33,27,31,29,25,6,2,1,7,33,26,30,31,27,5,3,2,6,33,24,28,30,26,4,0,3,5,33,26,27,25,24,5,6,7,4,33,28,29,31,30,0,1,2,3,33,25,29,28,24,7,1,0,4,33,35,39,37,33,6,2,1,7,33,34,38,39,35,5,3,2,6,33,32,36,38,34,4,0,3,5,33,34,35,33,32,5,6,7,4,33,36,37,39,38,0,1,2,3,33,33,37,36,32,7,1,0,4],
    "metadata":{
        "faces":30,
        "uvs":0,
        "type":"Geometry",
        "generator":"io_three",
        "version":3,
        "normals":8,
        "vertices":40
    },
    "name":"Cube.003Geometry.1",
    "uvs":[],
    "vertices":[-2.11175,2.24035,2.13622,2.14265,2.24035,2.13622,-2.11175,2.24035,-2.11818,2.14265,2.24035,-2.11818,-2.11175,2.3413,2.13622,2.14265,2.3413,2.13622,-2.11175,2.3413,-2.11818,2.14265,2.3413,-2.11818,-1.89798,0.030623,1.89798,-1.89798,0.030623,2.10202,-2.10202,0.030623,1.89798,-2.10202,0.030623,2.10202,-1.89798,2.26673,1.89798,-1.89798,2.26673,2.10202,-2.10202,2.26673,1.89798,-2.10202,2.26673,2.10202,2.10202,0.025243,-2.10202,2.10202,0.025243,-1.89798,1.89798,0.025243,-2.10202,1.89798,0.025243,-1.89798,2.10202,2.26135,-2.10202,2.10202,2.26135,-1.89798,1.89798,2.26135,-2.10202,1.89798,2.26135,-1.89798,2.10202,0.030623,1.89798,2.10202,0.030623,2.10202,1.89798,0.030623,1.89798,1.89798,0.030623,2.10202,2.10202,2.26673,1.89798,2.10202,2.26673,2.10202,1.89798,2.26673,1.89798,1.89798,2.26673,2.10202,-1.89798,0.02726,-2.10202,-1.89798,0.02726,-1.89798,-2.10202,0.02726,-2.10202,-2.10202,0.02726,-1.89798,-1.89798,2.26336,-2.10202,-1.89798,2.26336,-1.89798,-2.10202,2.26336,-2.10202,-2.10202,2.26336,-1.89798],
    "normals":[-0.577349,-0.577349,0.577349,-0.577349,-0.577349,-0.577349,0.577349,-0.577349,-0.577349,0.577349,-0.577349,0.577349,-0.577349,0.577349,0.577349,0.577349,0.577349,0.577349,0.577349,0.577349,-0.577349,-0.577349,0.577349,-0.577349]
}