{
    "uvs":[],
    "normals":[-0.577349,-0.577349,0.577349,-0.577349,-0.577349,-0.577349,0.577349,-0.577349,-0.577349,0.577349,-0.577349,0.577349,-0.577349,0.577349,0.577349,0.577349,0.577349,0.577349,0.577349,0.577349,-0.577349,-0.577349,0.577349,-0.577349],
    "faces":[33,0,2,3,1,0,1,2,3,33,4,5,7,6,4,5,6,7,33,1,3,7,5,3,2,6,5,33,2,0,4,6,1,0,4,7,33,3,2,6,7,2,1,7,6,33,0,1,5,4,0,3,5,4,33,11,15,13,9,6,2,1,7,33,10,14,15,11,5,3,2,6,33,8,12,14,10,4,0,3,5,33,10,11,9,8,5,6,7,4,33,12,13,15,14,0,1,2,3,33,9,13,12,8,7,1,0,4,33,19,23,21,17,6,2,1,7,33,18,22,23,19,5,3,2,6,33,16,20,22,18,4,0,3,5,33,18,19,17,16,5,6,7,4,33,20,21,23,22,0,1,2,3,33,17,21,20,16,7,1,0,4,33,27,31,29,25,6,2,1,7,33,26,30,31,27,5,3,2,6,33,24,28,30,26,4,0,3,5,33,26,27,25,24,5,6,7,4,33,28,29,31,30,0,1,2,3,33,25,29,28,24,7,1,0,4,33,35,39,37,33,6,2,1,7,33,34,38,39,35,5,3,2,6,33,32,36,38,34,4,0,3,5,33,34,35,33,32,5,6,7,4,33,36,37,39,38,0,1,2,3,33,33,37,36,32,7,1,0,4],
    "metadata":{
        "uvs":0,
        "type":"Geometry",
        "generator":"io_three",
        "version":3,
        "normals":8,
        "faces":30,
        "vertices":40
    },
    "name":"Cube.003Geometry",
    "vertices":[-22.9367,-1.11046,23.0008,23.8616,-1.11046,23.0008,-22.9367,-1.11047,-23.7976,23.8616,-1.11047,-23.7976,-22.9367,5e-06,23.0008,23.8616,5e-06,23.0008,-22.9367,3e-06,-23.7976,23.8616,3e-06,-23.7976,-20.5852,-25.4175,20.3801,-20.5852,-25.4175,22.6246,-22.8297,-25.4175,20.3801,-22.8297,-25.4175,22.6246,-20.5852,-0.820341,20.3801,-20.5852,-0.820341,22.6246,-22.8297,-0.820341,20.3801,-22.8297,-0.820341,22.6246,23.4148,-25.4767,-23.6199,23.4148,-25.4767,-21.3754,21.1703,-25.4767,-23.6199,21.1703,-25.4767,-21.3754,23.4148,-0.879528,-23.6199,23.4148,-0.879528,-21.3754,21.1703,-0.879528,-23.6199,21.1703,-0.879528,-21.3754,23.4148,-25.4175,20.3801,23.4148,-25.4175,22.6246,21.1703,-25.4175,20.3801,21.1703,-25.4175,22.6246,23.4148,-0.820341,20.3801,23.4148,-0.820341,22.6246,21.1703,-0.820341,20.3801,21.1703,-0.820341,22.6246,-20.5852,-25.4545,-23.6199,-20.5852,-25.4545,-21.3754,-22.8297,-25.4545,-23.6199,-22.8297,-25.4545,-21.3754,-20.5852,-0.857333,-23.6199,-20.5852,-0.857333,-21.3754,-22.8297,-0.857333,-23.6199,-22.8297,-0.857333,-21.3754]
}