{
    "vertices":[-4.36632,-0.439567,1.05672,-4.13581,-0.301568,2.16875,-3.74618,-0.159539,3.1962,-4.23402,-1.23567,1.15187,-4.00882,-1.06963,2.26182,-3.62973,-0.867153,3.2831,-2.59922,3.29958,1.58319,-3.3671,2.56042,-0.598572,-3.33254,2.68803,0.55429,-3.16763,2.70187,1.69076,-2.87819,2.59383,2.7671,-3.85783,1.84146,-0.468847,-3.8124,1.97131,0.68346,-3.61895,2.01614,1.81222,-3.28435,1.96782,2.87433,-4.09778,0.887416,-1.47575,-4.20558,1.06155,-0.336059,-4.15165,1.19215,0.816242,-3.93733,1.2687,1.93797,-3.57035,1.28338,2.98645,-4.39822,0.249134,-0.209709,-4.33848,0.379011,0.943172,-4.11165,0.486919,2.05919,-3.72612,0.56573,3.09583,-3.19657,0.610529,4.01324],
    "metadata":{
        "uvs":0,
        "version":3,
        "generator":"io_three",
        "normals":25,
        "type":"Geometry",
        "vertices":25,
        "faces":20
    },
    "name":"Sphere.009Geometry",
    "normals":[-0.959227,-0.0275887,0.281228,-0.985229,-0.018952,0.170019,-0.966948,-0.13419,0.216681,-0.94879,-0.121494,0.291543,-0.920499,0.00894192,0.390576,-0.92465,-0.108005,0.365093,-0.753441,0.631581,0.182745,-0.698111,0.694906,0.172338,-0.809503,0.585101,0.0482192,-0.756706,0.5974,0.265419,-0.871944,0.486526,0.0541093,-0.847072,0.49031,0.204962,-0.82696,0.485977,0.282693,-0.830744,0.55562,-0.0332041,-0.886471,0.460067,-0.049501,-0.949126,0.30839,-0.0632343,-0.944212,0.300241,-0.135166,-0.942534,0.323893,0.0816065,-0.914701,0.331584,0.230964,-0.883389,0.314402,0.347453,-0.953368,0.157598,0.257271,-0.896664,0.169256,0.409009,-0.856533,0.173833,0.485916,-0.981903,0.188604,-0.0162664,-0.983581,0.143925,0.108585],
    "faces":[33,1,0,3,4,0,1,2,3,33,2,1,4,5,4,0,3,5,32,9,6,8,6,7,8,32,6,9,10,7,6,9,33,9,8,12,13,6,8,10,11,33,10,9,13,14,9,6,11,12,33,8,7,11,12,8,13,14,10,32,16,11,15,15,14,16,33,12,11,16,17,10,14,15,17,33,13,12,17,18,11,10,17,18,33,14,13,18,19,12,11,18,19,33,19,18,22,23,19,18,20,21,32,19,23,24,19,21,22,32,16,15,20,15,16,23,33,17,16,20,21,17,15,23,24,33,18,17,21,22,18,17,24,20,32,21,20,0,24,23,1,33,0,1,22,21,1,0,20,24,33,23,22,1,2,21,20,0,4,32,24,23,2,22,21,4],
    "uvs":[]
}