{
    "vertices":[-3.51199,-2.65555,1.28055,-2.99117,-3.34241,0.154978,-2.94711,-3.2316,1.31695,-2.78905,-2.9998,2.42997,-1.86847,-3.33388,-3.15318,-2.09866,-3.60907,-2.114,-2.24572,-3.76667,-0.990521,-2.30385,-3.79647,0.17556,-2.27129,-3.69056,1.33949,-1.383,-3.88372,-2.10257,-1.48551,-4.06936,-0.979502,-1.52782,-4.11649,0.187107,-1.50881,-4.01523,1.35265,-0.611439,-4.02657,-2.09581,-0.665993,-4.23005,-0.973079,-0.691546,-4.28896,0.193869,-0.687674,-4.19195,1.36054,-0.655815,-3.93234,2.48038,0.18207,-4.23992,-0.968459,0.173614,-4.3045,0.198852,0.161369,-4.21127,1.36612,0.14447,-3.953,2.48669,1.00581,-4.06864,1.37047,-2.07011,-3.62003,-2.11355],
    "metadata":{
        "uvs":0,
        "version":3,
        "generator":"io_three",
        "normals":24,
        "type":"Geometry",
        "vertices":24,
        "faces":20
    },
    "name":"Sphere.008Geometry",
    "normals":[-0.635426,-0.75341,0.169012,-0.70925,-0.684988,0.166509,-0.587939,-0.807276,0.0511795,-0.627735,-0.739433,0.243141,-0.492935,-0.860378,0.129307,-0.470412,-0.882138,0.0227973,-0.406323,-0.90933,-0.0893582,-0.281259,-0.952635,-0.115482,-0.232917,-0.955321,-0.181921,-0.293222,-0.955809,0.019715,-0.277047,-0.953276,0.120365,-0.344493,-0.90762,-0.239814,-0.336314,-0.889248,-0.309976,-0.343822,-0.906156,-0.246223,-0.132542,-0.974609,-0.180364,-0.101291,-0.988159,-0.115207,-0.126926,-0.991485,0.0281686,-0.115757,-0.981109,0.154912,-0.0770898,-0.970946,0.226417,-0.0108951,-0.993194,-0.115818,0.0327464,-0.996155,0.0811792,0.0705283,-0.985687,0.153081,0.0291147,-0.973754,0.225715,0.163793,-0.974517,0.15305],
    "faces":[32,2,0,1,0,1,2,32,0,2,3,1,0,3,32,3,2,8,3,0,4,32,7,1,6,5,2,6,33,2,1,7,8,0,2,5,4,32,10,6,9,7,6,8,33,7,6,10,11,5,6,7,9,33,8,7,11,12,4,5,9,10,32,5,4,23,11,12,13,33,10,9,13,14,7,8,14,15,33,11,10,14,15,9,7,15,16,33,12,11,15,16,10,9,16,17,32,12,16,17,10,17,18,32,15,14,18,16,15,19,33,16,15,19,20,17,16,20,21,33,17,16,20,21,18,17,21,22,32,14,13,18,15,14,19,32,20,19,22,21,20,23,32,21,20,22,22,21,23,32,6,5,23,6,11,13],
    "uvs":[]
}