{
    "vertices":[-3.74618,-0.159539,3.1962,-3.21241,-0.0190515,4.09951,-2.55516,0.115169,4.84373,-1.79987,0.239331,5.39986,-0.97588,0.350502,5.74605,-3.1116,-0.634252,4.17605,-0.115131,0.446455,5.86854,0.646034,2.91565,4.48602,0.326301,4.10099,2.56182,0.253899,3.63757,3.57767,0.172896,3.00778,4.45343,0.0838016,2.24015,5.14797,-0.0126618,1.37193,5.62757,-0.411342,4.33933,1.4292,-0.394936,4.07079,2.5412,-0.359915,3.6177,3.56005,-0.309647,2.99692,4.43982,-0.248701,2.23595,5.13898,-0.182194,1.3714,5.6233,-1.2393,4.19978,0.290261,-1.19555,4.13725,1.44572,-1.10147,3.89274,2.55447,-0.961559,3.47031,3.56972,-0.783051,2.88479,4.44603,-0.575291,2.1615,5.14226,-0.348948,1.33494,5.62447,-2.02998,3.70701,-0.806867,-2.02264,3.8262,0.348229,-1.93387,3.78507,1.49887,-1.76674,3.57668,2.5999,-1.52833,3.20325,3.60547,-1.22937,2.67704,4.47132,-0.883536,2.0203,5.15747,-0.506547,1.26412,5.63101,-2.72884,3.31482,0.439146,-2.59922,3.29958,1.58319,-2.36622,3.13742,2.673,-2.0392,2.82874,3.66396,-1.63191,2.38289,4.51351,-1.1618,1.81836,5.18345,-0.648989,1.16183,5.64251,-3.33254,2.68803,0.55429,-2.87819,2.59383,2.7671,-2.47549,2.36261,3.74015,-1.9758,2.01455,4.56925,-1.39968,1.5639,5.21838,-0.770868,1.03211,5.65832,-3.28435,1.96782,2.87433,-2.82144,1.82354,3.82797,-2.24846,1.58665,4.63446,-1.58833,1.26691,5.26,-0.867587,0.880004,5.67758,-3.57035,1.28338,2.98645,-3.06468,1.2322,3.92102,-2.43998,1.11563,4.7047,-1.72079,0.938828,5.30576,-0.935501,0.711371,5.69931,-3.19657,0.610529,4.01324,-2.54346,0.61908,4.7757,-1.79218,0.592005,5.35315,-0.972055,0.532615,5.72248],
    "metadata":{
        "uvs":0,
        "version":3,
        "generator":"io_three",
        "normals":61,
        "type":"Geometry",
        "vertices":61,
        "faces":60
    },
    "name":"Sphere.005Geometry",
    "normals":[-0.0247505,0.862636,0.505173,-0.0466628,0.938444,0.342235,-0.13712,0.937864,0.318674,-0.122257,0.862575,0.49089,0.0311899,0.747978,0.662954,-0.101993,0.747063,0.65685,-0.0168157,0.599322,0.800317,-0.0780969,0.586261,0.80633,-0.0266732,0.380444,0.924406,-0.0518204,0.379192,0.923856,-0.105502,0.207556,0.972503,-0.206458,0.962004,0.178503,-0.100803,0.370464,0.923338,-0.331217,0.932218,0.145695,-0.395062,0.918485,0.0170293,-0.309214,0.897366,0.314737,-0.275185,0.829341,0.486221,-0.229011,0.721641,0.653249,-0.170598,0.569048,0.804376,-0.414594,0.76867,0.487045,-0.345958,0.673025,0.653676,-0.256478,0.534776,0.805109,-0.146672,0.352672,0.924161,-0.511246,0.859371,-0.00808741,-0.513901,0.853633,-0.0848109,-0.494827,0.85577,0.150822,-0.463546,0.827387,0.317057,-0.634724,0.771325,0.046144,-0.607593,0.77813,0.159032,-0.598376,0.731956,0.325755,-0.536546,0.684439,0.493576,-0.449171,0.603931,0.658376,-0.332926,0.485031,0.808618,-0.187994,0.326426,0.926328,-0.536027,0.517106,0.667287,-0.397656,0.421644,0.814875,-0.223457,0.29252,0.929746,-0.679861,0.624866,0.38377,-0.63863,0.580187,0.505448,-0.761437,0.474715,0.441359,-0.719108,0.458815,0.521836,-0.60448,0.415174,0.67983,-0.448805,0.34666,0.823634,-0.251808,0.25193,0.934385,-0.652791,0.300882,0.695181,-0.484725,0.262337,0.834376,-0.271889,0.205817,0.940031,-0.81106,0.365398,0.456771,-0.776788,0.322123,0.541093,-0.795099,0.175176,0.580584,-0.679281,0.17716,0.712119,-0.504105,0.171209,0.846461,-0.282662,0.155766,0.946471,-0.509262,0.124271,0.851558,-0.286843,0.129948,0.949095,-0.812128,0.019837,0.583117,-0.696036,0.0894803,0.712363,0.0961333,0.732322,0.674123,-0.861446,0.00802637,0.507767,-0.709067,0.699393,0.0896329,-0.801233,-0.0571917,0.595599],
    "faces":[33,9,8,14,15,0,1,2,3,33,10,9,15,16,4,0,3,5,33,11,10,16,17,6,4,5,7,33,12,11,17,18,8,6,7,9,32,6,12,18,10,8,9,32,14,8,13,2,1,11,32,6,18,25,10,9,12,32,20,13,19,13,11,14,33,14,13,20,21,2,11,13,15,33,15,14,21,22,3,2,15,16,33,16,15,22,23,5,3,16,17,33,17,16,23,24,7,5,17,18,33,18,17,24,25,9,7,18,12,33,23,22,30,31,17,16,19,20,33,24,23,31,32,18,17,20,21,33,25,24,32,33,12,18,21,22,32,6,25,33,10,12,22,32,27,19,26,23,14,24,33,20,19,27,28,13,14,23,25,33,21,20,28,29,15,13,25,26,33,22,21,29,30,16,15,26,19,33,28,27,34,35,25,23,27,28,33,29,28,35,36,26,25,28,29,33,30,29,36,37,19,26,29,30,33,31,30,37,38,20,19,30,31,33,32,31,38,39,21,20,31,32,33,33,32,39,40,22,21,32,33,32,6,33,40,10,22,33,32,27,26,34,23,24,27,33,39,38,44,45,32,31,34,35,33,40,39,45,46,33,32,35,36,32,6,40,46,10,33,36,33,37,36,42,43,30,29,37,38,33,38,37,43,44,31,30,38,34,33,43,42,47,48,38,37,39,40,33,44,43,48,49,34,38,40,41,33,45,44,49,50,35,34,41,42,33,46,45,50,51,36,35,42,43,32,6,46,51,10,36,43,33,50,49,54,55,42,41,44,45,33,51,50,55,56,43,42,45,46,32,6,51,56,10,43,46,33,48,47,52,53,40,39,47,48,33,49,48,53,54,41,40,48,44,33,54,53,57,58,44,48,49,50,33,55,54,58,59,45,44,50,51,33,56,55,59,60,46,45,51,52,32,6,56,60,10,46,52,33,60,59,3,4,52,51,53,54,32,6,60,4,10,52,54,33,58,57,1,2,50,49,55,56,33,59,58,2,3,51,50,56,53,32,7,10,11,57,4,6,32,36,35,42,29,28,37,32,1,57,0,55,49,58,32,53,52,57,48,47,49,32,10,7,9,4,57,0,32,35,34,41,28,27,59,32,2,1,5,56,55,60,32,1,0,5,55,58,60],
    "uvs":[]
}