{
    "vertices":[-3.74618,-0.159539,3.1962,-2.55516,0.115169,4.84373,-1.79987,0.239331,5.39986,-0.97588,0.350502,5.74605,-4.23402,-1.23567,1.15187,-4.00882,-1.06963,2.26182,-3.62973,-0.867153,3.2831,-3.1116,-0.634252,4.17605,-2.47463,-0.377934,4.90585,-1.74359,-0.106222,5.44391,-0.94683,0.171867,5.76909,-4.00526,-2.10308,0.068704,-3.94598,-1.98265,1.22636,-3.73494,-1.79127,2.33601,-3.38076,-1.53279,3.35418,-2.89764,-1.21352,4.24062,-2.30475,-0.842589,4.9601,-1.62538,-0.432003,5.48381,-0.885996,0.00341229,5.79074,-3.51199,-2.65555,1.28055,-3.32357,-2.44209,2.39139,-3.00789,-2.13357,3.40906,-2.57808,-1.73658,4.29246,-2.05163,-1.26218,5.00548,-1.44959,-0.726085,5.51856,-0.795659,-0.148549,5.81032,-2.78905,-2.9998,2.42997,-2.52426,-2.64863,3.44908,-2.16431,-2.18492,4.33215,-1.72442,-1.62154,5.04184,-1.2227,-0.977635,5.54761,-0.679221,-0.278291,5.82729,-2.27129,-3.69056,1.33949,-2.15033,-3.44465,2.45512,-1.94712,-3.05949,3.47672,-1.67125,-2.54226,4.3611,-1.3351,-1.90747,5.06969,-0.953129,-1.17725,5.57073,-0.541077,-0.380902,5.84122,-1.50881,-4.01523,1.35265,-1.43043,-3.75989,2.47071,-1.29741,-3.35064,3.49497,-1.11692,-2.79503,4.38123,-0.898024,-2.10904,5.08984,-0.650957,-1.31729,5.58796,-0.386462,-0.45244,5.85183,-0.655815,-3.93234,2.48038,-0.599077,-3.50998,3.50659,-0.521894,-2.93284,4.39433,-0.429541,-2.21807,5.10314,-0.327572,-1.39216,5.59943,-0.221259,-0.4901,5.85893,0.14447,-3.953,2.48669,0.121629,-3.52944,3.5136,0.0914123,-2.94895,4.4017,0.0526258,-2.22946,5.11019,0.00473056,-1.39853,5.60523,-0.0517818,-0.492312,5.86237,1.00581,-4.06864,1.37047,0.939792,-3.81767,2.49061,0.837118,-3.40552,3.51671,0.699504,-2.84075,4.40376,0.529994,-2.14155,5.11118,0.333198,-1.33557,5.60534,0.11546,-0.458843,5.86207,1.81263,-3.76516,1.37259,1.69908,-3.52768,2.49122,1.2787,-2.61012,4.39996,0.984015,-1.9563,5.10573,0.645107,-1.20504,5.59958,0.274013,-0.390799,5.85799,1.39682,-1.67949,5.093,0.928273,-1.01133,5.58768,0.41773,-0.290644,5.85016,-0.115131,0.446455,5.86854],
    "metadata":{
        "uvs":0,
        "version":3,
        "generator":"io_three",
        "normals":75,
        "type":"Geometry",
        "vertices":75,
        "faces":73
    },
    "name":"Sphere.006Geometry",
    "normals":[-0.501511,0.0283212,0.864681,-0.66039,-0.0128788,0.750786,-0.661519,-0.083224,0.745262,-0.489761,-0.0192267,0.871609,-0.279855,0.0773644,0.956908,-0.273934,0.0514237,0.960356,-0.0641804,0.0256356,0.997589,-0.853481,-0.0771508,0.515336,-0.853847,-0.20658,0.477767,-0.778832,-0.176702,0.601794,-0.732902,-0.291299,0.614795,-0.615741,-0.2107,0.759209,-0.455611,-0.111484,0.883145,-0.254402,0.00155644,0.967071,-0.885891,-0.433393,0.165319,-0.924863,-0.337199,0.175665,-0.891201,-0.444197,0.0918302,-0.89993,-0.31019,0.306314,-0.860927,-0.400952,0.313059,-0.81222,-0.353862,0.463698,-0.812677,-0.547533,0.199347,-0.758782,-0.5674,0.319803,-0.717978,-0.512314,0.471145,-0.649709,-0.433576,0.624409,-0.546556,-0.328654,0.770196,-0.404401,-0.19657,0.893185,-0.225654,-0.0438246,0.973205,-0.456038,-0.431776,0.778161,-0.337779,-0.270791,0.901395,-0.18891,-0.0828272,0.978484,-0.62505,-0.703909,0.337321,-0.595508,-0.649037,0.473373,-0.54088,-0.557451,0.62978,-0.47203,-0.823725,0.314066,-0.450392,-0.757805,0.47203,-0.41084,-0.657125,0.631947,-0.347453,-0.515183,0.783471,-0.258187,-0.330699,0.907712,-0.145695,-0.113865,0.982727,-0.224982,-0.574938,0.786645,-0.168676,-0.373577,0.912107,-0.0978729,-0.135746,0.98587,-0.438826,-0.867061,0.235847,-0.342021,-0.909909,0.234596,-0.300485,-0.90173,0.310739,-0.288705,-0.83459,0.469131,-0.264718,-0.728172,0.632191,-0.142064,-0.926176,0.349254,-0.116337,-0.876858,0.466445,-0.108036,-0.767602,0.631703,-0.0933866,-0.608203,0.788232,-0.0727256,-0.397351,0.914762,-0.0472426,-0.147679,0.987884,0.0257576,-0.400922,0.915738,0.00433363,-0.149327,0.988769,0.0867946,-0.93408,0.346294,0.0608539,-0.883145,0.465102,0.0532853,-0.773675,0.631306,0.042024,-0.6133,0.78872,0.197211,-0.864223,0.462783,0.214301,-0.745872,0.630634,0.175726,-0.589831,0.788141,0.122776,-0.384045,0.915098,0.0550249,-0.140629,0.988525,0.249702,-0.91937,0.303903,0.102939,-0.121921,0.987182,0.294412,-0.928343,0.226783,0.344798,-0.910947,0.226386,0.340129,-0.895962,0.285531,0.306223,-0.686941,0.659017,0.303964,-0.538591,0.785791,0.21424,-0.347484,0.91287,0.353496,-0.484848,0.799951,0.255196,-0.3202,0.91232,0.12186,-0.104831,0.986969],
    "faces":[33,2,1,8,9,0,1,2,3,33,3,2,9,10,4,0,3,5,32,74,3,10,6,4,5,32,0,6,7,7,8,9,32,8,1,7,2,1,9,33,8,7,15,16,2,9,10,11,33,9,8,16,17,3,2,11,12,33,10,9,17,18,5,3,12,13,32,74,10,18,6,5,13,32,12,4,11,14,15,16,33,5,4,12,13,17,15,14,18,33,6,5,13,14,8,17,18,19,33,7,6,14,15,9,8,19,10,33,13,12,19,20,18,14,20,21,33,14,13,20,21,19,18,21,22,33,15,14,21,22,10,19,22,23,33,16,15,22,23,11,10,23,24,33,17,16,23,24,12,11,24,25,33,18,17,24,25,13,12,25,26,32,74,18,25,6,13,26,32,12,11,19,14,16,20,33,24,23,29,30,25,24,27,28,33,25,24,30,31,26,25,28,29,32,74,25,31,6,26,29,33,21,20,26,27,22,21,30,31,33,22,21,27,28,23,22,31,32,33,23,22,28,29,24,23,32,27,33,27,26,33,34,31,30,33,34,33,28,27,34,35,32,31,34,35,33,29,28,35,36,27,32,35,36,33,30,29,36,37,28,27,36,37,33,31,30,37,38,29,28,37,38,32,74,31,38,6,29,38,33,37,36,43,44,37,36,39,40,33,38,37,44,45,38,37,40,41,32,74,38,45,6,38,41,33,33,32,39,40,33,42,43,44,33,34,33,40,41,34,33,44,45,33,35,34,41,42,35,34,45,46,33,36,35,42,43,36,35,46,39,33,41,40,46,47,45,44,47,48,33,42,41,47,48,46,45,48,49,33,43,42,48,49,39,46,49,50,33,44,43,49,50,40,39,50,51,33,45,44,50,51,41,40,51,52,32,74,45,51,6,41,52,33,51,50,56,57,52,51,53,54,32,74,51,57,6,52,54,33,47,46,52,53,48,47,55,56,33,48,47,53,54,49,48,56,57,33,49,48,54,55,50,49,57,58,33,50,49,55,56,51,50,58,53,33,54,53,60,61,57,56,59,60,33,55,54,61,62,58,57,60,61,33,56,55,62,63,53,58,61,62,33,57,56,63,64,54,53,62,63,32,74,57,64,6,54,63,33,53,52,59,60,56,55,64,59,32,74,64,70,6,63,65,33,59,58,65,66,64,66,67,68,33,62,61,67,68,61,60,69,70,33,63,62,68,69,62,61,70,71,33,64,63,69,70,63,62,71,65,33,69,68,71,72,71,70,72,73,33,70,69,72,73,65,71,73,74,32,74,70,73,6,65,74,32,40,39,46,44,43,47,32,61,60,67,60,59,69,32,33,26,32,33,30,42,32,20,19,26,21,20,30,32,68,67,71,70,69,72,32,59,52,58,64,55,66,32,60,59,66,59,64,68],
    "uvs":[]
}