{
    "vertices":[3.72309,-2.08059,-1.00361,3.86697,-1.29422,-2.17598,4.08904,-1.30275,-1.04928,4.15459,-1.26971,0.117748,4.06052,-1.19077,1.27966,0.939665,-0.644464,-5.8568,1.75081,-0.646672,-5.5032,2.49476,-0.633495,-4.94013,3.1433,-0.607747,-4.18854,3.67173,-0.571425,-3.27683,4.05977,-0.525468,-2.23983,4.29235,-0.469794,-1.11747,4.36021,-0.403573,0.0467798,0.947818,-0.493996,-5.87377,1.7665,-0.347043,-5.53642,2.51688,-0.190512,-4.9886,3.1704,-0.0322663,-4.25087,3.70216,0.120244,-3.35124,4.09182,0.260466,-2.32411,4.3244,0.383103,-1.20899,0.922766,-0.347909,-5.8915,1.71659,-0.0556804,-5.57254,2.44314,0.240958,-5.04323,3.07474,0.529195,-4.32337,3.58745,0.796145,-3.44005,3.96188,1.02962,-2.4266,4.1839,1.2189,-1.32152,4.24518,1.35536,-0.166985,0.865501,-0.211987,-5.90924,1.60313,0.215548,-5.60995,2.27661,0.64291,-5.10149,2.86038,1.05271,-4.40258,3.33254,1.42702,-3.53887,3.67558,1.74835,-2.54217,3.877,2.00081,-1.44942,3.92964,2.17126,-0.301536,3.83187,2.2503,0.857988,0.778275,-0.0916158,-5.9262,1.43068,0.455597,-5.64671,2.02414,0.998564,-5.16006,2.53627,1.516,-4.48365,2.9482,1.98561,-3.64142,3.24517,2.38528,-2.66324,3.41688,2.69457,-1.5842,3.45779,2.89623,-0.443643,0.664506,0.00845365,-5.94152,1.20611,0.654757,-5.68066,1.69595,1.29325,-5.21511,2.11576,1.89962,-4.56087,2.45051,2.44818,-3.74007,2.68879,2.91315,-2.78055,2.82308,3.27038,-1.71539,2.84971,3.49916,-0.582254,0.528634,0.0843099,-5.95441,0.938335,0.805117,-5.7097,1.30527,1.51509,-5.26275,1.616,2.18798,-4.62831,1.85994,2.79581,-3.82683,2.02956,3.31028,-2.88427,2.12039,3.70453,-1.83183,2.13087,3.95527,-0.70559,2.06204,4.04476,0.454001,0.375947,0.133025,-5.96418,0.637883,0.900881,-5.73189,0.867616,1.65556,-5.29942,1.05705,2.37001,-4.68051,1.20042,3.01522,-3.89433,1.29435,3.56154,-2.96532,1.3376,3.98058,-1.92316,1.33077,4.24729,-0.802659,0.212353,0.152793,-5.97028,0.316484,0.938617,-5.74574,0.400201,1.70981,-5.32233,0.461019,2.43964,-4.7132,0.498198,3.09927,-3.93674,0.512556,3.65895,-3.01648,0.481546,4.36602,-0.864707,-0.14888,2.39578,-4.72375,0.0919904,-0.623696,-5.9882],
    "metadata":{
        "uvs":0,
        "version":3,
        "generator":"io_three",
        "normals":79,
        "type":"Geometry",
        "vertices":79,
        "faces":75
    },
    "name":"Sphere.002Geometry.1",
    "normals":[0.934599,-0.337565,-0.111911,0.929502,-0.288858,-0.229163,0.950682,-0.160955,-0.265053,0.981475,-0.148198,-0.121342,0.964232,-0.264534,0.0149236,0.980682,-0.19541,-0.00714133,0.682699,-0.112766,-0.721915,0.50264,-0.120853,-0.855983,0.504105,-0.0718406,-0.860622,0.681661,-0.0454115,-0.730216,0.813837,-0.10007,-0.572344,0.812128,-0.0194098,-0.583117,0.906827,-0.113926,-0.405774,0.901944,0.004944,-0.431806,0.959014,0.0274056,-0.281961,0.984558,0.0177618,-0.174078,0.274636,-0.121647,-0.953795,0.106021,-0.040437,-0.99353,0.280618,-0.0962249,-0.954955,0.927824,0.215674,-0.3043,0.945189,0.270516,-0.182836,0.269326,-0.044435,-0.962004,0.483657,0.0251778,-0.874874,0.65566,0.0870693,-0.749992,0.783227,0.139164,-0.605914,0.871609,0.181646,-0.455245,0.443403,0.117191,-0.888607,0.60155,0.212714,-0.769951,0.720054,0.289865,-0.630451,0.803095,0.349895,-0.482223,0.856502,0.395337,-0.331767,0.885067,0.428571,-0.181494,0.9335,0.356731,-0.0360118,0.89111,0.452651,-0.0315256,0.247841,0.00491348,-0.96878,0.746391,0.558214,-0.362285,0.772942,0.59801,-0.21189,0.795434,0.597919,-0.0987579,0.216926,0.0499283,-0.974883,0.384991,0.20014,-0.900937,0.5215,0.325663,-0.788629,0.624714,0.425306,-0.654805,0.698172,0.501633,-0.510727,0.419416,0.420576,-0.804468,0.501724,0.538774,-0.676717,0.561266,0.628986,-0.537858,0.601367,0.6957,-0.392865,0.624378,0.742119,-0.243629,0.612262,0.778863,-0.13596,0.177801,0.0886868,-0.980041,0.311136,0.270486,-0.911039,0.446028,0.852321,-0.273019,0.449751,0.884945,-0.120579,0.132054,0.119602,-0.983978,0.225532,0.325327,-0.918302,0.30079,0.493393,-0.816126,0.357891,0.624836,-0.693838,0.399701,0.725272,-0.560533,0.428602,0.799982,-0.419874,0.172033,0.541612,-0.82281,0.201605,0.680288,-0.704642,0.223273,0.786218,-0.576159,0.237617,0.866268,-0.439436,0.291879,0.910977,-0.29133,0.276986,0.943358,-0.182592,0.0817591,0.141362,-0.986572,0.132328,0.362804,-0.922391,0.0553301,0.140385,-0.988525,0.0838343,0.369976,-0.92523,0.0829798,0.569475,-0.817774,0.0415052,0.70455,-0.708426,0.107181,0.798944,-0.591723,0.137364,0.875118,-0.463942,0.970367,-0.222694,0.0936613,0.448622,0.892697,-0.0422681,0.887936,0.457808,0.0436415,-0.0380566,0.700858,-0.712272,0.897,-0.428388,-0.108676,0.151128,0.961852,-0.228004],
    "faces":[33,2,1,10,11,0,1,2,3,33,3,2,11,12,4,0,3,5,33,7,6,14,15,6,7,8,9,33,8,7,15,16,10,6,9,11,33,9,8,16,17,12,10,11,13,33,10,9,17,18,2,12,13,14,33,11,10,18,19,3,2,14,15,32,5,78,13,16,17,18,33,6,5,13,14,7,16,18,8,33,19,18,25,26,15,14,19,20,32,13,78,20,18,17,21,33,14,13,20,21,8,18,21,22,33,15,14,21,22,9,8,22,23,33,16,15,22,23,11,9,23,24,33,17,16,23,24,13,11,24,25,33,18,17,24,25,14,13,25,19,33,22,21,29,30,23,22,26,27,33,23,22,30,31,24,23,27,28,33,24,23,31,32,25,24,28,29,33,25,24,32,33,19,25,29,30,33,26,25,33,34,20,19,30,31,33,27,26,34,35,32,20,31,33,32,20,78,28,21,17,34,33,21,20,28,29,22,21,34,26,33,34,33,42,43,31,30,35,36,33,35,34,43,44,33,31,36,37,32,28,78,37,34,17,38,33,29,28,37,38,26,34,38,39,33,30,29,38,39,27,26,39,40,33,31,30,39,40,28,27,40,41,33,32,31,40,41,29,28,41,42,33,33,32,41,42,30,29,42,35,33,40,39,47,48,41,40,43,44,33,41,40,48,49,42,41,44,45,33,42,41,49,50,35,42,45,46,33,43,42,50,51,36,35,46,47,33,44,43,51,52,37,36,47,48,32,37,78,45,38,17,49,33,38,37,45,46,39,38,49,50,33,39,38,46,47,40,39,50,43,33,52,51,59,60,48,47,51,52,32,45,78,53,49,17,53,33,46,45,53,54,50,49,53,54,33,47,46,54,55,43,50,54,55,33,48,47,55,56,44,43,55,56,33,49,48,56,57,45,44,56,57,33,50,49,57,58,46,45,57,58,33,51,50,58,59,47,46,58,51,33,56,55,64,65,56,55,59,60,33,57,56,65,66,57,56,60,61,33,58,57,66,67,58,57,61,62,33,59,58,67,68,51,58,62,63,33,60,59,68,69,52,51,63,64,32,53,78,62,53,17,65,33,54,53,62,63,54,53,65,66,33,55,54,63,64,55,54,66,59,32,62,78,70,65,17,67,33,63,62,70,71,66,65,67,68,33,64,63,71,72,59,66,68,69,33,65,64,72,73,60,59,69,70,33,66,65,73,74,61,60,70,71,33,67,66,74,75,62,61,71,72,32,12,11,19,5,3,15,32,68,67,75,63,62,72,32,4,3,12,73,4,5,32,61,60,69,74,52,64,32,27,35,36,32,33,75,32,52,60,61,48,52,74,32,36,35,44,75,33,37,32,74,73,77,71,70,76,32,2,0,1,0,77,1,32,0,2,3,77,0,4,32,10,1,9,2,1,12,32,73,72,77,70,69,76,32,69,68,76,64,63,78],
    "uvs":[]
}