{
    "vertices":[-2.04982,-2.66584,-4.09057,-0.354031,-1.2982,-5.80875,-0.790964,-1.92132,-5.42054,-1.20036,-2.47743,-4.83504,-1.56472,-2.95259,-4.07078,-1.86847,-3.33388,-3.15318,-2.24572,-3.76667,-0.990521,-0.202144,-1.34792,-5.80186,-0.49363,-2.02095,-5.40949,-0.769358,-2.62612,-4.82213,-1.01674,-3.14805,-4.0577,-1.22442,-3.57203,-3.14085,-1.383,-3.88372,-2.10257,-0.0389523,-1.36969,-5.79755,-0.173789,-2.06637,-5.40258,-0.305301,-2.6966,-4.81411,-0.426302,-3.24407,-4.04965,-0.530189,-3.69272,-3.13338,-0.611439,-4.02657,-2.09581,-0.691546,-4.28896,0.193869,0.1293,-1.36254,-5.79588,0.156356,-2.0554,-5.39969,0.174181,-2.68528,-4.81041,0.184223,-3.23555,-4.0455,0.18804,-3.6894,-3.12904,0.187004,-4.02977,-2.09135,0.18207,-4.23992,-0.968459,0.173614,-4.3045,0.198852,0.296144,-1.32661,-5.7969,0.484117,-1.98788,-5.40081,0.650661,-2.59138,-4.81091,0.791385,-3.12085,-4.04493,0.902696,-3.55945,-3.12722,0.981706,-3.88983,-2.08837,1.02618,-4.09478,-0.964597,1.03453,-4.15857,0.203192,1.00581,-4.06864,1.37047,0.45514,-1.26311,-5.80062,0.796789,-1.86575,-5.40608,1.10561,-2.41711,-4.81594,1.37152,-2.90211,-4.04848,1.58587,-3.30475,-3.1287,1.74159,-3.60825,-2.0878,1.83332,-3.79585,-0.96252,1.85753,-3.85222,0.205835,1.81263,-3.76516,1.37259,0.600124,-1.17432,-5.80701,1.08217,-1.69308,-5.41577,1.52115,-2.16784,-4.82629,1.9017,-2.58556,-4.05758,2.21045,-2.93203,-3.13552,2.4364,-3.19206,-2.09222,2.57126,-3.35034,-0.965218,2.60972,-3.39277,0.203634,2.5496,-3.30822,1.36944,2.39204,-3.09039,2.48583,0.725463,-1.06352,-5.81602,1.32904,-1.476,-5.43019,1.8808,-1.85206,-4.843,2.36072,-2.18159,-4.07421,2.75125,-2.45314,-3.15067,3.03796,-2.65419,-2.10552,3.20999,-2.77187,-0.977193,3.26045,-2.79425,0.191828,3.1867,-2.71189,1.3564,0.826271,-0.934893,-5.8275,1.52765,-1.22255,-5.44959,2.17017,-1.48128,-4.86711,2.72999,-1.70467,-4.10051,3.18619,-1.88502,-3.17749,3.52153,-2.01347,-2.1321,3.72309,-2.08059,-1.00361,3.78273,-2.07749,0.164912,3.6975,-1.99701,1.32812,0.898616,-0.793374,-5.84121,1.67013,-0.94245,-5.47402,2.37762,-1.06966,-4.89943,2.99446,-1.17299,-4.1383,3.49732,-1.24927,-3.21893,3.86697,-1.29422,-2.17598,4.15459,-1.26971,0.117748,4.06052,-1.19077,1.27966,0.939665,-0.644464,-5.8568,1.75081,-0.646672,-5.5032,2.49476,-0.633495,-4.94013,3.1433,-0.607747,-4.18854,3.67173,-0.571425,-3.27683,-2.07011,-3.62003,-2.11355,0.0919904,-0.623696,-5.9882],
    "metadata":{
        "uvs":0,
        "version":3,
        "generator":"io_three",
        "normals":89,
        "type":"Geometry",
        "vertices":89,
        "faces":85
    },
    "name":"Sphere.003Geometry.1",
    "normals":[-0.0833766,-0.37022,-0.925169,0.0730308,-0.219062,-0.972961,-0.0528275,-0.368084,-0.928281,-0.162389,-0.567003,-0.80752,-0.112857,-0.574084,-0.810938,-0.249947,-0.709403,-0.658956,-0.163945,-0.7257,-0.668172,-0.345714,-0.772454,-0.532701,-0.204474,-0.828242,-0.521683,-0.333018,-0.857479,-0.392132,-0.236122,-0.893918,-0.380932,-0.040315,-0.749809,-0.66039,-0.0586261,-0.855068,-0.515152,-0.0750145,-0.923093,-0.377117,-0.275338,-0.919248,-0.281289,-0.0649129,-0.957457,-0.281137,-0.00170904,-0.380016,-0.924955,-0.020661,-0.593738,-0.804346,0.0499588,-0.381512,-0.923002,0.0721458,-0.595111,-0.800348,0.0837123,-0.750206,-0.655873,0.0874966,-0.854701,-0.511673,0.086642,-0.922788,-0.375408,0.0844142,-0.965484,-0.246345,0.205054,-0.7275,-0.654714,0.230934,-0.827937,-0.511032,0.245888,-0.893674,-0.375256,0.254219,-0.935362,-0.245827,0.118259,-0.985931,-0.118076,0.258339,-0.9588,-0.117893,0.096469,-0.995025,-0.0239265,0.259438,-0.965636,0.0137028,0.100345,-0.372601,-0.922544,0.162786,-0.57857,-0.799219,0.43144,-0.894559,-0.116428,0.437361,-0.899106,0.0163274,0.147557,-0.353679,-0.923612,0.297189,-0.951323,0.0815149,0.456313,-0.881802,0.118931,0.248451,-0.544694,-0.800958,0.320597,-0.682424,-0.65685,0.368358,-0.775323,-0.512986,0.399274,-0.835994,-0.376385,0.419172,-0.873989,-0.245705,0.495773,-0.69747,-0.51738,0.542192,-0.749992,-0.378796,0.573107,-0.781762,-0.245582,0.592669,-0.797327,-0.113926,0.602313,-0.797967,0.0205695,0.189795,-0.325632,-0.926237,0.599658,-0.783776,0.161443,0.326334,-0.494583,-0.805506,0.426771,-0.615955,-0.66213,0.225501,-0.28956,-0.930204,0.746574,-0.664785,0.0249947,0.730308,-0.671346,0.12595,0.393536,-0.429701,-0.812677,0.51973,-0.529557,-0.67037,0.608386,-0.595721,-0.524308,0.669057,-0.636982,-0.382824,0.709616,-0.660146,-0.246223,0.734855,-0.668966,-0.111515,0.701041,-0.472549,-0.534043,0.773736,-0.499802,-0.389233,0.8211,-0.513352,-0.249458,0.828425,-0.548967,-0.110904,0.86343,-0.503708,0.0270394,0.253365,-0.246895,-0.935301,0.862056,-0.49736,0.097354,0.447218,-0.352062,-0.822199,0.595355,-0.42552,-0.681509,0.909543,-0.413221,0.0439772,0.907895,-0.407544,0.0979339,0.272317,-0.199316,-0.941313,0.484878,-0.264321,-0.833674,0.649678,-0.307138,-0.695364,0.768578,-0.331797,-0.546922,0.849849,-0.34373,-0.399426,0.871426,-0.401898,-0.281167,0.868374,-0.261238,-0.421461,0.288339,-0.175512,-0.941282,0.504746,-0.218818,-0.835047,0.672689,-0.244942,-0.698172,0.794183,-0.257424,-0.550432,-0.412732,-0.735313,-0.537522,-0.341594,-0.908261,-0.241554,0.593005,-0.770409,0.234016,-0.350322,-0.920133,-0.174902,-0.0176092,-0.998291,-0.0553301],
    "faces":[32,1,88,7,0,1,2,33,2,1,7,8,3,0,2,4,33,3,2,8,9,5,3,4,6,33,4,3,9,10,7,5,6,8,33,5,4,10,11,9,7,8,10,33,10,9,15,16,8,6,11,12,33,11,10,16,17,10,8,12,13,33,12,11,17,18,14,10,13,15,32,7,88,13,2,1,16,33,8,7,13,14,4,2,16,17,33,9,8,14,15,6,4,17,11,32,13,88,20,16,1,18,33,14,13,20,21,17,16,18,19,33,15,14,21,22,11,17,19,20,33,16,15,22,23,12,11,20,21,33,17,16,23,24,13,12,21,22,33,18,17,24,25,15,13,22,23,33,23,22,30,31,21,20,24,25,33,24,23,31,32,22,21,25,26,33,25,24,32,33,23,22,26,27,33,26,25,33,34,28,23,27,29,33,27,26,34,35,30,28,29,31,32,20,88,28,18,1,32,33,21,20,28,29,19,18,32,33,33,22,21,29,30,20,19,33,24,33,35,34,43,44,31,29,34,35,32,28,88,37,32,1,36,33,36,35,44,45,37,31,35,38,33,29,28,37,38,33,32,36,39,33,30,29,38,39,24,33,39,40,33,31,30,39,40,25,24,40,41,33,32,31,40,41,26,25,41,42,33,33,32,41,42,27,26,42,43,33,34,33,42,43,29,27,43,34,33,41,40,49,50,42,41,44,45,33,42,41,50,51,43,42,45,46,33,43,42,51,52,34,43,46,47,33,44,43,52,53,35,34,47,48,32,37,88,46,36,1,49,33,45,44,53,54,38,35,48,50,33,38,37,46,47,39,36,49,51,33,39,38,47,48,40,39,51,52,33,40,39,48,49,41,40,52,44,32,46,88,56,49,1,53,33,54,53,63,64,50,48,54,55,33,47,46,56,57,51,49,53,56,33,48,47,57,58,52,51,56,57,33,49,48,58,59,44,52,57,58,33,50,49,59,60,45,44,58,59,33,51,50,60,61,46,45,59,60,33,52,51,61,62,47,46,60,61,33,53,52,62,63,48,47,61,54,33,60,59,68,69,59,58,62,63,33,61,60,69,70,60,59,63,64,33,62,61,70,71,61,60,64,65,33,63,62,71,72,54,61,65,66,32,56,88,65,53,1,67,33,64,63,72,73,55,54,66,68,33,57,56,65,66,56,53,67,69,33,58,57,66,67,57,56,69,70,33,59,58,67,68,58,57,70,62,33,73,72,80,81,68,66,71,72,33,66,65,74,75,69,67,73,74,33,67,66,75,76,70,69,74,75,33,68,67,76,77,62,70,75,76,33,69,68,77,78,63,62,76,77,33,70,69,78,79,64,63,77,78,32,71,70,79,65,64,78,32,72,71,80,66,65,71,32,65,88,74,67,1,73,32,79,78,86,78,77,79,32,74,88,82,73,1,80,33,75,74,82,83,74,73,80,81,33,76,75,83,84,75,74,81,82,33,77,76,84,85,76,75,82,83,33,78,77,85,86,77,76,83,79,32,18,25,26,15,23,28,32,0,4,5,84,7,9,33,5,11,12,87,9,10,14,85,32,55,54,64,86,50,55,32,27,35,36,30,31,37,32,12,6,87,14,87,85,32,4,0,3,7,84,5,32,45,54,55,38,50,86,32,27,19,26,30,88,28],
    "uvs":[]
}